,html_url,name,full_name,description,topics,created_at,updated_at,pushed_at,size,language,stargazers_count,subscribers_count,has_issues,has_downloads,has_discussions,forks_count,default_branch,private,open_issues_only,closed_issues_only,open_pull_requests,closed_pull_requests,commits_number,contributors_number,license.key,owner.type
0,https://github.com/yilozt/mutter-rounded,mutter-rounded,yilozt/mutter-rounded,"A window manager for GNOME, with rounded corners patch",[],2021-08-28T14:53:53Z,2025-01-14T20:06:10Z,2022-08-15T11:08:01Z,2443,C,552,7,TRUE,TRUE,FALSE,26,main,FALSE,77,41,1,3,60,4,gpl-2.0,User
1,https://github.com/JonathanSeals/locationfaker,locationfaker,JonathanSeals/locationfaker,iOS tweak to fake your location to most apps,[],2020-08-06T03:41:47Z,2024-08-07T00:17:55Z,2020-08-10T20:17:08Z,17,Objective-C,49,0,TRUE,TRUE,FALSE,6,master,FALSE,0,0,0,0,3,0,gpl-3.0,User
2,https://github.com/cadenji/foolrenderer,foolrenderer,cadenji/foolrenderer,"A tiny software renderer implemented from scratch without the use of graphics API, used to understand how GPUs work.","['3d-graphics', 'computer-graphics', 'gamedev', 'graphics', 'graphics-programming', 'real-time-rendering', 'render-pipeline', 'renderer', 'rendering', 'softrenderer']",2021-09-27T10:15:13Z,2025-01-26T08:47:54Z,2022-07-31T09:25:50Z,37283,C,1070,0,TRUE,TRUE,FALSE,74,main,FALSE,0,0,0,0,125,0,mit,User
3,https://github.com/sdleffler/tarpit-rs,tarpit-rs,sdleffler/tarpit-rs,"A type-level implementation of Smallfuck in Rust, doubling as a Turing-completeness proof for Rust's type system.","['rust', 'rust-language', 'turing-completeness', 'turing-tarpit', 'type-system', 'types']",2017-03-08T05:26:22Z,2025-01-15T18:03:40Z,2017-04-03T21:03:25Z,9,Rust,233,0,TRUE,TRUE,FALSE,7,master,FALSE,0,0,0,0,14,0,0,User
4,https://github.com/arata-nvm/mitnal,mitnal,arata-nvm/mitnal,Twitter client for UEFI,"['edk2', 'twitter-client', 'uefi']",2022-01-28T10:49:08Z,2025-01-10T01:30:41Z,2022-01-31T03:20:02Z,808,C,532,0,TRUE,TRUE,FALSE,10,master,FALSE,0,0,0,0,21,0,mit,User
5,https://github.com/septag/sx,sx,septag/sx,"Portable base library for C programmers, designed for performance and simplicity.",FALSE,2018-07-19T16:17:59Z,2025-01-07T01:58:51Z,2022-07-08T08:25:57Z,1652,C,868,0,TRUE,TRUE,FALSE,47,868,FALSE,0,0,0,0,228,0,bsd-2-clause,User
6,https://github.com/algenty/grafana-flowcharting,grafana-flowcharting,algenty/grafana-flowcharting,"Flowcharting, plugin for Grafana to create complexe visio's draws style like technical architectures, floorplan, diagrams, hierarchical schema based on draw.io","['diagram', 'diagrams', 'drawio', 'floorplan', 'flowchart', 'flowchart-diagrams', 'grafana', 'grafana-plugin', 'home-automation', 'monitoring', 'mxgraph', 'plugin-grafana', 'technical-architectures', 'visio']",2019-01-24T21:51:23Z,2025-01-13T01:36:54Z,2023-04-12T06:56:16Z,239227,JavaScript,983,40,TRUE,TRUE,FALSE,146,master,FALSE,157,227,3,37,1218,5,apache-2.0,User
7,https://github.com/LinusHenze/Fugu,Fugu,LinusHenze/Fugu,Fugu is the first open source jailbreak based on the checkm8 exploit,[],2020-02-02T21:04:09Z,2025-01-27T07:07:36Z,2021-05-11T00:47:15Z,212,C,669,0,TRUE,TRUE,FALSE,133,master,FALSE,0,0,0,0,11,0,gpl-3.0,User
8,https://github.com/Schnocker/EAC_dbp,EAC_dbp,Schnocker/EAC_dbp,EAC Bypass,FALSE,2020-05-11T19:50:22Z,2025-01-24T16:55:58Z,2020-05-11T19:55:04Z,69,C,300,0,TRUE,TRUE,FALSE,85,300,FALSE,0,0,0,0,6,0,mit,User
9,https://github.com/nihilus/IDA_Signsrch,IDA_Signsrch,nihilus/IDA_Signsrch,IDA Signsrch,FALSE,2015-07-14T20:29:38Z,2025-01-19T09:23:43Z,2015-07-14T20:32:23Z,1936,C,154,0,TRUE,TRUE,FALSE,15,154,FALSE,0,0,0,0,2,0,gpl-3.0,User
10,https://github.com/rochus-keller/CspChan,CspChan,rochus-keller/CspChan,"A pure C (-std=c89) implementation of Go channels, including blocking and non-blocking selects. ",[],2023-12-11T17:13:14Z,2025-01-26T08:44:54Z,2023-12-15T10:07:21Z,46,C,446,0,TRUE,TRUE,FALSE,11,main,FALSE,0,0,0,0,9,0,other,User
11,https://github.com/nongiach/sudo_inject,sudo_inject,nongiach/sudo_inject,[Linux] Two Privilege Escalation techniques abusing sudo token,FALSE,2019-03-24T22:06:22Z,2025-01-21T15:08:12Z,2019-04-14T07:43:35Z,6130,C,706,0,TRUE,TRUE,FALSE,117,706,FALSE,0,0,0,0,61,0,0,User
12,https://github.com/Mr-Un1k0d3r/WindowsDllsExport,WindowsDllsExport,Mr-Un1k0d3r/WindowsDllsExport,A list of all the DLLs export in C:\windows\system32\,[],2021-12-16T16:23:00Z,2025-01-27T00:19:12Z,2021-12-22T17:54:57Z,6087,C,214,0,TRUE,TRUE,FALSE,34,main,FALSE,0,0,0,0,22,0,0,User
13,https://github.com/Arinerron/CVE-2022-0847-DirtyPipe-Exploit,CVE-2022-0847-DirtyPipe-Exploit,Arinerron/CVE-2022-0847-DirtyPipe-Exploit,A root exploit for CVE-2022-0847 (Dirty Pipe),[],2022-03-07T18:55:20Z,2025-01-17T04:26:20Z,2022-03-08T06:20:05Z,18,C,1092,0,TRUE,TRUE,FALSE,220,main,FALSE,0,0,0,0,10,0,gpl-2.0,User
14,https://github.com/connormcgarr/cThreadHijack,cThreadHijack,connormcgarr/cThreadHijack,Beacon Object File (BOF) for remote process injection via thread hijacking,[],2021-01-10T04:02:48Z,2025-01-20T23:52:57Z,2021-01-13T13:46:50Z,32,C,203,0,TRUE,TRUE,FALSE,46,main,FALSE,0,0,0,0,6,0,0,User
15,https://github.com/lyxhh/lxhToolHTTPDecrypt,lxhToolHTTPDecrypt,lyxhh/lxhToolHTTPDecrypt,Simple Android/iOS protocol analysis and utilization tool,[],2019-05-05T10:36:12Z,2025-01-06T19:57:15Z,2020-04-27T08:41:50Z,29943,JavaScript,949,0,TRUE,TRUE,FALSE,258,master,FALSE,0,0,0,0,41,0,0,User
16,https://github.com/Beariish/little,little,Beariish/little,"A small, easily embedded language implemented in a single .c file",[],2022-07-16T15:46:20Z,2025-01-19T18:41:08Z,2023-09-07T23:28:53Z,68,C,290,9,TRUE,TRUE,FALSE,18,main,FALSE,4,2,1,4,16,3,mit,User
17,https://github.com/TrungNguyen1909/qemu-t8030,qemu-t8030,TrungNguyen1909/qemu-t8030,iPhone 11 emulated on QEMU,"['emulator', 'hypervisor', 'ios', 'qemu']",2021-02-07T06:35:28Z,2025-01-25T09:04:07Z,2022-10-22T16:10:41Z,248567,C,2014,0,TRUE,TRUE,TRUE,215,master,FALSE,0,0,0,0,98284,0,other,User
18,https://github.com/jsherman212/xnuspy,xnuspy,jsherman212/xnuspy,an iOS kernel function hooking framework for checkra1n'able devices,"['arm64', 'c', 'hook', 'kernel']",2020-11-12T22:40:16Z,2025-01-24T23:59:51Z,2021-10-06T13:02:03Z,3171,C,552,0,TRUE,TRUE,FALSE,100,master,FALSE,0,0,0,0,188,0,mit,User
19,https://github.com/taviso/nntpit,nntpit,taviso/nntpit,minimalist reddit2nntp gateway,"['nntp', 'reddit', 'usenet']",2021-02-01T08:59:05Z,2024-12-24T17:08:42Z,2022-05-01T21:29:46Z,352,C,252,0,TRUE,TRUE,FALSE,10,main,FALSE,0,0,0,0,49,0,mit,User
20,https://github.com/hfiref0x/UPGDSED,UPGDSED,hfiref0x/UPGDSED,Universal PatchGuard and Driver Signature Enforcement Disable,"['abandonware', 'bcd', 'c', 'dse', 'kpp', 'patchguard']",2017-04-24T11:58:36Z,2025-01-23T17:11:25Z,2019-03-29T10:32:57Z,1189,C,835,0,TRUE,TRUE,FALSE,261,master,FALSE,0,0,0,0,29,0,mit,User
21,https://github.com/lieff/minih264,minih264,lieff/minih264,Minimalistic H264/SVC encoder single header library,"['codec', 'encoder', 'encoding', 'h264', 'h264-svc', 'mini', 'minimal', 'single-header', 'single-header-lib', 'svc', 'video', 'video-codec', 'x264']",2018-09-20T19:18:46Z,2025-01-22T06:49:26Z,2020-12-10T15:56:51Z,30981,C,542,0,TRUE,TRUE,FALSE,53,master,FALSE,0,0,0,0,48,0,cc0-1.0,User
22,https://github.com/KarypisLab/METIS,METIS,KarypisLab/METIS,METIS - Serial Graph Partitioning and Fill-reducing Matrix Ordering,FALSE,2020-03-02T03:37:17Z,2025-01-23T16:52:58Z,2023-10-27T16:44:56Z,4894,C,752,15,TRUE,TRUE,FALSE,150,752,FALSE,47,27,12,17,80,7,apache-2.0,User
23,https://github.com/ITotalJustice/Gamecard-Installer-NX,Gamecard-Installer-NX,ITotalJustice/Gamecard-Installer-NX,A way to install your gamecards directly to the switch!,FALSE,2020-01-16T03:58:59Z,2025-01-04T00:16:06Z,2020-04-24T06:55:34Z,4911,C,145,0,TRUE,TRUE,FALSE,14,145,FALSE,0,0,0,0,51,0,gpl-3.0,User
24,https://github.com/athena-team/athena-signal,athena-signal,athena-team/athena-signal,0,[],2020-01-10T02:51:17Z,2025-01-27T08:40:06Z,2021-06-11T08:18:53Z,1877,C,524,24,TRUE,TRUE,FALSE,195,master,FALSE,23,20,1,7,15,2,apache-2.0,Organization
25,https://github.com/Cracked5pider/Ekko,Ekko,Cracked5pider/Ekko,Sleep Obfuscation,[],2022-06-17T23:19:29Z,2025-01-25T13:40:37Z,2023-12-03T18:14:03Z,145,C,711,0,TRUE,TRUE,FALSE,103,main,FALSE,0,0,0,0,12,0,0,User
26,https://github.com/NVISOsecurity/CobaltWhispers,CobaltWhispers,NVISOsecurity/CobaltWhispers,"CobaltWhispers is an aggressor script that utilizes a collection of Beacon Object Files (BOF) for Cobalt Strike to perform process injection, persistence and more, leveraging direct syscalls (SysWhispers2) to bypass EDR/AV",[],2022-02-09T12:20:20Z,2025-01-17T05:44:20Z,2023-01-04T15:42:25Z,118,C,231,0,TRUE,TRUE,FALSE,34,main,FALSE,0,0,0,0,1,0,mit,Organization
27,https://github.com/vmcall/dxgkrnl_hook,dxgkrnl_hook,vmcall/dxgkrnl_hook,C++ graphics kernel subsystem hook,[],2019-10-19T19:38:37Z,2025-01-22T08:40:32Z,2021-01-11T10:02:46Z,13,C,494,0,TRUE,TRUE,FALSE,143,master,FALSE,0,0,0,0,6,0,0,User
28,https://github.com/KuiBaDB/KuiBaDB,KuiBaDB,KuiBaDB/KuiBaDB,Another OLAP database,"['columnar-storage', 'hologres', 'olap', 'olap-database', 'postgres', 'postgresql', 'rust', 'rust-lang', 'spanner', 'sql', 'transaction', 'transactions', 'vectorization', 'vectorized-computation']",2020-11-20T04:28:04Z,2025-01-01T12:50:02Z,2021-12-11T08:23:53Z,647,Rust,317,0,TRUE,TRUE,FALSE,24,master,FALSE,0,0,0,0,44,0,apache-2.0,Organization
29,https://github.com/guervild/BOFs,BOFs,guervild/BOFs,Cobalt Strike Beacon Object Files,['cobalt-strike'],2021-03-15T23:30:22Z,2024-11-23T01:40:10Z,2022-05-02T16:59:24Z,490,C,158,0,TRUE,TRUE,FALSE,27,dev,FALSE,0,0,0,0,6,0,0,User
30,https://github.com/XXTouchNG/XXTouchNG,XXTouchNG,XXTouchNG/XXTouchNG,Next generation XXTouch for iOS 13 and above. System-wide iOS Automation Toolkit.,"['automation', 'autotouch', 'iokit', 'ios', 'jailbreak', 'opencv', 'touch-events', 'touch-simulation', 'touchscreen-control', 'touchsprite', 'vision', 'xxtouch']",2022-07-03T18:39:07Z,2024-12-23T02:24:58Z,2022-09-12T16:16:22Z,12405,C,199,0,TRUE,TRUE,FALSE,83,main,FALSE,0,0,0,0,53,0,agpl-3.0,Organization
31,https://github.com/sslab-gatech/janus,janus,sslab-gatech/janus,Janus: a state-of-the-art file system fuzzer on Linux,FALSE,2019-05-24T20:27:34Z,2025-01-27T07:06:03Z,2019-12-23T20:16:22Z,190024,C,215,0,TRUE,TRUE,FALSE,29,215,FALSE,0,0,0,0,19,0,mit,Organization
32,https://github.com/yodaos-project/yodaos,yodaos,yodaos-project/yodaos,Yet another Linux distribution for voice-enabled IoT and embrace Web standards,"['javascript', 'linux', 'nodejs', 'openwrt', 'web', 'yodaos']",2018-12-13T07:54:29Z,2025-01-02T02:32:22Z,2019-12-04T12:28:46Z,73276,C,1195,0,TRUE,TRUE,FALSE,133,v9.x,FALSE,0,0,0,0,107,0,apache-2.0,Organization
33,https://github.com/SmartisanTech/SmartisanOS_Kernel_Source,SmartisanOS_Kernel_Source,SmartisanTech/SmartisanOS_Kernel_Source,"SmartisanOS kernel opensource contain T1Kernel, T2Kernel, U1Kernel(JianGuo), M1Kernel(M1 and M1L), U2ProKernel(JianGuo Pro)",[],2017-11-23T06:31:26Z,2025-01-19T15:59:00Z,2020-04-23T07:34:13Z,554391,C,445,34,TRUE,TRUE,FALSE,144,master,FALSE,7,7,1,2,1,0,gpl-2.0,Organization
35,https://github.com/tostercx/GTAO_Booster_PoC,GTAO_Booster_PoC,tostercx/GTAO_Booster_PoC,0,[],2021-02-28T10:42:08Z,2025-01-22T08:04:40Z,2021-10-01T08:46:39Z,24,C,2870,53,TRUE,TRUE,FALSE,179,master,FALSE,16,17,1,6,19,5,wtfpl,User
36,https://github.com/jakeajames/rootlessJB,rootlessJB,jakeajames/rootlessJB,0,[],2018-09-21T17:59:25Z,2025-01-05T01:49:03Z,2019-04-06T19:18:39Z,8350,C,302,32,TRUE,TRUE,FALSE,80,master,FALSE,6,10,1,5,21,2,0,User
37,https://github.com/cajakil/max-silent-dreams,max-silent-dreams,cajakil/max-silent-dreams,silent dreams / choralizer max patch,[],2022-10-28T22:02:48Z,2022-10-28T22:03:31Z,2023-11-25T09:57:15Z,274,Max,0,0,TRUE,TRUE,FALSE,0,main,FALSE,0,0,0,0,18,0,0,User
38,https://github.com/donato-fiore/TrollDecrypt,TrollDecrypt,donato-fiore/TrollDecrypt,iOS IPA Decrypter for TrollStore,[],2023-12-01T01:57:39Z,2025-01-26T21:33:06Z,2023-12-05T02:59:36Z,508,C,396,0,TRUE,TRUE,FALSE,26,main,FALSE,0,0,0,0,8,0,0,User
39,https://github.com/noproto/apple_ble_spam_ofw,apple_ble_spam_ofw,noproto/apple_ble_spam_ofw,apple_ble_spam for OFW,[],2023-09-08T18:34:31Z,2025-01-17T14:34:20Z,2023-10-07T15:26:47Z,72,C,318,0,TRUE,TRUE,FALSE,28,master,FALSE,0,0,0,0,16,0,gpl-3.0,User
40,https://github.com/ilham25/dotfiles-openbox,dotfiles-openbox,ilham25/dotfiles-openbox,Here is my aether dotfiles openbox version,"['dotfiles', 'dotfiles-linux', 'linux', 'linux-rice', 'openbox', 'openbox-theme', 'rofi']",2021-10-17T02:43:20Z,2025-01-21T09:42:03Z,2023-08-06T09:16:14Z,111420,CSS,290,0,TRUE,TRUE,FALSE,30,main,FALSE,0,0,0,0,45,0,gpl-3.0,User
41,https://github.com/srg-imperial/SaBRe,SaBRe,srg-imperial/SaBRe,Load-time selective binary rewriting,['binary-rewriting'],2019-01-10T15:22:28Z,2025-01-17T00:13:29Z,2022-08-26T17:16:40Z,584,C,155,10,TRUE,TRUE,FALSE,16,master,FALSE,4,6,1,81,288,7,other,Organization
42,https://github.com/DosX-dev/MemCleaner,MemCleaner,DosX-dev/MemCleaner,A simple utility in C to clean up RAM for Windows,"['c', 'cleaner', 'low-level', 'memory', 'native', 'optimization', 'ram', 'tiny', 'windows']",2023-08-09T21:16:08Z,2025-01-26T10:27:13Z,2023-08-19T14:14:21Z,478,C,225,0,TRUE,TRUE,FALSE,2,main,FALSE,0,0,0,0,18,0,mit,User
43,https://github.com/djkato/m0nkrus-adobe-tracker,m0nkrus-adobe-tracker,djkato/m0nkrus-adobe-tracker,"Track m0nkrus torrents for Adobe, update your local versions or get new apps","['adobe', 'm0nkrus', 'monkrus', 'torrent']",2023-03-03T01:51:43Z,2025-01-27T09:24:11Z,2023-06-01T14:31:52Z,36,Rust,122,0,TRUE,TRUE,FALSE,5,master,FALSE,0,0,0,0,8,0,0,User
44,https://github.com/can1357/ThePerfectInjector,ThePerfectInjector,can1357/ThePerfectInjector,"Literally, the perfect injector.",FALSE,2018-05-02T21:04:12Z,2025-01-27T03:05:44Z,2023-04-13T11:37:50Z,43,C,897,0,TRUE,TRUE,FALSE,194,897,FALSE,0,0,0,0,18,0,bsd-3-clause,User
45,https://github.com/NSSpiral/Blackb0x,Blackb0x,NSSpiral/Blackb0x,Apple TV 2/3 Jailbreak,[],2021-07-07T12:13:49Z,2025-01-26T21:30:06Z,2021-12-21T19:55:23Z,37955,C,562,37,TRUE,TRUE,FALSE,64,main,FALSE,96,68,2,3,29,2,0,User
46,https://github.com/CamHenlin/MessagesForMacintosh,MessagesForMacintosh,CamHenlin/MessagesForMacintosh,An Apple iMessage client for classic Macintosh (System 2.0 - MacOS 9.2.2),[],2021-09-11T06:11:49Z,2025-01-08T07:49:32Z,2022-02-27T07:51:37Z,17546,C,194,0,TRUE,TRUE,FALSE,2,main,FALSE,0,0,0,0,74,0,0,User
47,https://github.com/Yezz123-Archive/Phisher,Phisher,Yezz123-Archive/Phisher,"Perform various social engineering attacks using PHP, Apache, Ngrok ü¶•","['apache', 'linux', 'ngrok', 'phishing', 'php', 'wget']",2020-07-05T10:17:45Z,2024-11-29T22:28:46Z,2021-07-30T11:44:11Z,10573,HTML,205,0,TRUE,TRUE,TRUE,28,master,FALSE,0,0,0,0,44,0,mit,Organization
48,https://github.com/STRRL/dejavu,dejavu,STRRL/dejavu,"With Dejavu, you can have a perfect memory by capturing and organizing your visual recordings efficiently.",[],2023-07-07T08:27:10Z,2025-01-21T04:33:10Z,2023-09-01T03:58:23Z,1123,Rust,132,6,TRUE,TRUE,FALSE,2,master,FALSE,7,1,1,2,28,2,mit,User
49,https://github.com/outflanknl/TamperETW,TamperETW,outflanknl/TamperETW,PoC to demonstrate how CLR ETW events can be tampered.,FALSE,2020-03-25T13:46:10Z,2024-11-25T03:38:31Z,2020-03-26T20:46:21Z,70,C,184,0,TRUE,TRUE,FALSE,31,184,FALSE,0,0,0,0,16,0,0,User
50,https://github.com/SamuelTulach/rainbow,rainbow,SamuelTulach/rainbow,Hide SMBIOS/disk/NIC serials from EFI bootkit,[],2021-05-08T18:36:45Z,2025-01-19T22:16:53Z,2021-05-14T18:40:04Z,38631,C,287,0,TRUE,TRUE,FALSE,66,main,FALSE,0,0,0,0,7,0,0,User
51,https://github.com/bigcode-project/starcoder.cpp,starcoder.cpp,bigcode-project/starcoder.cpp,C++ implementation for üí´StarCoder,[],2023-05-15T08:42:13Z,2025-01-25T06:06:42Z,2023-09-09T16:54:50Z,7464,C,450,16,TRUE,TRUE,FALSE,36,main,FALSE,16,14,1,5,18,4,0,Organization
52,https://github.com/boku7/BokuLoader,BokuLoader,boku7/BokuLoader,"A proof-of-concept Cobalt Strike Reflective Loader which aims to recreate, integrate, and enhance Cobalt Strike's evasion features!","['advsim', 'boku', 'cobaltstrike', 'redteam', 'reflectiveloader']",2021-08-15T18:17:28Z,2025-01-21T20:35:53Z,2023-11-22T22:25:50Z,6028,C,1278,26,TRUE,TRUE,FALSE,244,main,FALSE,1,11,1,21,368,6,mit,User
53,https://github.com/o-oconnell/minixfromscratch,minixfromscratch,o-oconnell/minixfromscratch,Development and compilation setup for the book versions of MINIX (2.0.0 and 3.1.0) on QEMU,"['bash', 'compilers', 'computer-architecture', 'data-structures-and-algorithms', 'filesystem', 'kernel', 'networking', 'operating-systems', 'programming', 'system-administration', 'system-programming']",2023-02-21T01:21:04Z,2025-01-20T02:33:38Z,2023-03-20T05:04:27Z,6453,C,1233,12,TRUE,TRUE,FALSE,67,master,FALSE,2,2,2,4,38,5,other,User
54,https://github.com/lifthrasiir/j40,j40,lifthrasiir/j40,"J40: Independent, self-contained JPEG XL decoder","['c', 'decoder', 'image-compression', 'jpeg-xl', 'single-file-library']",2022-09-13T18:15:39Z,2024-12-13T06:08:28Z,2022-12-09T02:18:35Z,1650,C,230,9,TRUE,TRUE,FALSE,3,main,FALSE,13,2,1,1,81,2,other,User
55,https://github.com/paritytech/fleetwood,fleetwood,paritytech/fleetwood,Testbed repo for trying out ideas of what a smart contract API in Rust would look like,[],2018-04-30T17:25:54Z,2023-03-09T10:32:14Z,2018-12-21T10:36:56Z,51,Rust,41,0,TRUE,TRUE,FALSE,6,master,FALSE,0,0,0,0,22,0,0,Organization
57,https://github.com/SYNwall/SYNwall,SYNwall,SYNwall/SYNwall,A zero-configuration (IoT) firewall,"['c', 'driver', 'firewall', 'linux-kernel', 'security']",2019-10-22T16:21:21Z,2024-10-03T14:09:54Z,2022-09-27T08:44:03Z,103,C,264,0,TRUE,TRUE,FALSE,23,master,FALSE,0,0,0,0,78,0,gpl-2.0,Organization
58,https://github.com/thedjinn/MiniWASM,MiniWASM,thedjinn/MiniWASM,A minimalist Rust WebAssembly project template,FALSE,2021-03-12T17:48:21Z,2024-11-05T15:51:39Z,2021-03-12T17:48:32Z,6,Rust,166,0,TRUE,TRUE,FALSE,8,166,FALSE,0,0,0,0,1,0,mit,User
59,https://github.com/edk2-porting/edk2-msm8998,edk2-msm8998,edk2-porting/edk2-msm8998,EDK2 UEFI firmware for Qualcomm platforms 835 platforms,[],2021-08-30T03:40:15Z,2025-01-12T18:04:17Z,2023-07-16T10:30:26Z,19706,C,170,0,TRUE,TRUE,FALSE,54,new,FALSE,0,0,0,0,254,0,0,Organization
60,https://github.com/boku7/injectEtwBypass,injectEtwBypass,boku7/injectEtwBypass,CobaltStrike BOF - Inject ETW Bypass into Remote Process via Syscalls (HellsGate|HalosGate),[],2021-09-21T23:06:42Z,2025-01-22T21:48:34Z,2021-09-28T19:09:38Z,245,C,277,0,FALSE,TRUE,FALSE,55,main,FALSE,0,0,0,0,34,0,gpl-2.0,User
61,https://github.com/nbulischeck/tyton,tyton,nbulischeck/tyton,Kernel-Mode Rootkit Hunter,[],2018-09-30T06:35:26Z,2025-01-01T16:32:54Z,2021-11-13T21:54:29Z,2145,C,361,0,TRUE,TRUE,FALSE,76,master,FALSE,0,0,0,0,81,0,gpl-3.0,User
62,https://github.com/tinfever/FU-Dyson-BMS,FU-Dyson-BMS,tinfever/FU-Dyson-BMS,(Unofficial) Firmware Upgrade for Dyson V6/V7 Vacuum Battery Management System,[],2022-04-29T20:41:39Z,2025-01-26T03:17:55Z,2023-02-26T20:34:11Z,78916,C,718,0,TRUE,TRUE,FALSE,81,main,FALSE,0,0,0,0,68,0,other,User
63,https://github.com/mupfdev/SNESoIP,SNESoIP,mupfdev/SNESoIP,The SNES Wi-Fi adapter,[],2013-09-02T19:43:02Z,2025-01-16T18:11:34Z,2022-04-22T13:15:06Z,38955,C,131,0,TRUE,TRUE,FALSE,9,legacy,FALSE,0,0,0,0,82,0,other,User
64,https://github.com/ludocode/pottery,pottery,ludocode/pottery,Pottery - A container and algorithm template library in C,[],2020-10-21T06:17:15Z,2024-12-18T14:11:31Z,2022-04-03T05:49:51Z,1488,C,124,0,TRUE,TRUE,FALSE,6,develop,FALSE,0,0,0,0,176,0,mit,User
65,https://github.com/lsahn-org/unix-v6,unix-v6,lsahn-org/unix-v6,UNIX 6th Edition Kernel Source Code,"['os', 'unix', 'v6']",2018-01-27T13:34:53Z,2025-01-22T05:49:44Z,2019-04-06T14:26:25Z,573,C,394,0,FALSE,TRUE,FALSE,145,master,FALSE,0,0,0,0,1,0,0,Organization
66,https://github.com/ModernPwner/cicuta_virosa,cicuta_virosa,ModernPwner/cicuta_virosa,0,[],2021-02-10T03:38:00Z,2024-12-24T11:01:26Z,2021-03-05T23:51:48Z,32,C,436,71,TRUE,TRUE,FALSE,76,main,FALSE,10,12,2,3,8,0,gpl-3.0,User
67,https://github.com/PotatoSpudowski/fastLLaMa,fastLLaMa,PotatoSpudowski/fastLLaMa,fastLLaMa: An experimental high-performance framework for running Decoder-only LLMs with 4-bit quantization in Python using a C/C++ backend.,"['c', 'cpp', 'lama', 'lamacpp', 'python']",2023-03-21T17:01:31Z,2025-01-23T15:45:52Z,2023-06-02T15:34:53Z,7745,C,408,11,TRUE,TRUE,TRUE,26,main,FALSE,8,40,1,31,64,5,mit,User
68,https://github.com/0xkol/badspin,badspin,0xkol/badspin,Bad Spin: Android Binder Privilege Escalation Exploit (CVE-2022-20421),[],2023-03-23T10:25:59Z,2025-01-21T20:48:38Z,2023-05-27T15:39:41Z,625,C,237,0,TRUE,TRUE,FALSE,32,main,FALSE,0,0,0,0,2,0,mit,User
70,https://github.com/BLepers/KVell,KVell,BLepers/KVell,KVell: the Design and Implementation of a Fast Persistent Key-Value Store,FALSE,2019-09-12T06:24:23Z,2025-01-07T13:40:43Z,2020-11-02T01:00:46Z,4287,C,280,0,TRUE,TRUE,FALSE,64,280,FALSE,0,0,0,0,2,0,mit,User
71,https://github.com/Gui774ume/ebpfkit,ebpfkit,Gui774ume/ebpfkit,ebpfkit is a rootkit powered by eBPF,"['ebpf', 'kernel', 'linux', 'linux-kernel', 'linux-kernel-hacking', 'rootkit', 'runtime-security', 'security']",2021-03-26T19:07:44Z,2025-01-22T14:42:40Z,2023-02-28T16:16:20Z,8001,C,775,0,TRUE,TRUE,FALSE,92,master,FALSE,0,0,0,0,40,0,apache-2.0,User
72,https://github.com/playbit/playsys,playsys,playbit/playsys,Playbit System interface defines an OS-like computing platform which can be implemented on a wide range of hosts,[],2021-10-27T21:10:56Z,2024-12-22T09:55:15Z,2021-12-02T19:24:39Z,308,C,341,0,TRUE,TRUE,FALSE,12,main,FALSE,0,0,0,0,32,0,apache-2.0,Organization
73,https://github.com/stoken-dev/stoken,stoken,stoken-dev/stoken,RSA SecurID-compatible software token for Linux/UNIX systems,[],2012-10-08T00:53:58Z,2025-01-14T21:37:28Z,2023-05-17T17:24:19Z,462,C,415,28,TRUE,TRUE,FALSE,78,main,FALSE,27,24,3,24,301,14,lgpl-2.1,Organization
74,https://github.com/skyzh/core-os-riscv,core-os-riscv,skyzh/core-os-riscv,üñ•Ô∏è An xv6-like operating system on RISC-V with multi-core support. Documentation available online.,"['cargo', 'operating-system', 'qemu', 'risc-v', 'rust', 'xv6']",2020-01-15T15:58:37Z,2024-12-16T21:43:39Z,2021-06-15T10:10:40Z,1308,Rust,303,5,TRUE,TRUE,FALSE,24,master,FALSE,5,5,1,1,144,2,mit,User
75,https://github.com/maierfelix/azula,azula,maierfelix/azula,Lightweight GPU accelerated HTML GUI for native JavaScript,FALSE,2019-10-16T20:02:33Z,2024-06-27T12:40:55Z,2019-10-20T14:48:29Z,38114,C,320,0,TRUE,TRUE,FALSE,16,320,FALSE,0,0,0,0,81,0,mit,User
76,https://github.com/rdeepak2002/reddit-place-script-2022,reddit-place-script-2022,rdeepak2002/reddit-place-script-2022,Script to draw an image onto r/place (https://www.reddit.com/r/place/),"['2022', 'bot', 'pixelart', 'place', 'reddit', 'rplace', 'script']",2022-04-01T16:27:03Z,2024-12-15T08:52:00Z,2022-04-05T00:18:35Z,6501,Python,906,12,TRUE,TRUE,TRUE,346,main,FALSE,74,200,2,135,300,39,0,User
77,https://github.com/nathanfarlow/stylehax,stylehax,nathanfarlow/stylehax,Nintendo DSi browser exploit,[],2023-01-09T05:20:30Z,2025-01-25T14:45:54Z,2023-03-03T03:45:21Z,28,C,227,0,TRUE,TRUE,FALSE,4,main,FALSE,0,0,0,0,10,0,0,User
78,https://github.com/zhengthomastang/2018AICity_TeamUW,2018AICity_TeamUW,zhengthomastang/2018AICity_TeamUW,The winning method in Track 1 and Track 3 at the 2nd AI City Challenge Workshop in CVPR 2018 - Official Implementation,[],2018-04-23T23:29:38Z,2025-01-16T17:19:09Z,2020-05-02T07:29:33Z,100789,C,553,0,TRUE,TRUE,FALSE,198,master,FALSE,0,0,0,0,85,0,0,User
79,https://github.com/RiotVanguard/Vanguard,Vanguard,RiotVanguard/Vanguard,Official Vanguard Anti-Cheat source code.,[],2021-04-01T00:25:28Z,2025-01-25T11:26:55Z,2021-10-30T18:49:58Z,29,C,544,7,TRUE,TRUE,FALSE,79,main,FALSE,56,8,9,2,5,2,gpl-2.0,User
80,https://github.com/Jamesits/dropWPBT,dropWPBT,Jamesits/dropWPBT,Disables the Windows Platform Binary Table (WPBT) in your UEFI firmware.,FALSE,2020-04-23T03:45:38Z,2025-01-26T22:51:50Z,2020-05-22T09:36:27Z,45,C,397,0,TRUE,TRUE,FALSE,29,397,FALSE,0,0,0,0,18,0,bsd-2-clause,User
81,https://github.com/Battelle/movfuscator,movfuscator,Battelle/movfuscator,The single instruction C compiler,FALSE,2018-04-03T14:09:37Z,2025-01-26T17:50:44Z,2022-08-05T06:34:57Z,12226,C,1360,0,FALSE,TRUE,FALSE,490,1360,FALSE,0,0,0,0,44,0,bsd-clause,User
82,https://github.com/rossumur/espflix,espflix,rossumur/espflix,A free video streaming service that runs on a ESP32,FALSE,2020-06-06T15:24:30Z,2025-01-11T06:31:21Z,2020-08-08T17:23:17Z,3653,C,985,0,TRUE,TRUE,FALSE,69,985,FALSE,0,0,0,0,12,0,0,User
83,https://github.com/dmshaw/paperkey,paperkey,dmshaw/paperkey,Print an OpenPGP key on paper for archive and recovery,[],2020-03-19T23:18:51Z,2025-01-20T05:46:49Z,2022-05-28T01:00:11Z,520,C,214,0,TRUE,TRUE,FALSE,13,main,FALSE,0,0,0,0,229,0,gpl-2.0,User
84,https://github.com/ZinggJM/GxEPD,GxEPD,ZinggJM/GxEPD,A simple E-Paper display library with common base class and separate IO class for Arduino.,"['arduino', 'e-paper']",2017-05-21T09:10:29Z,2025-01-25T18:43:31Z,2023-03-08T19:38:17Z,2933,C,852,0,FALSE,TRUE,FALSE,197,master,FALSE,0,0,0,0,137,0,gpl-3.0,User
85,https://github.com/NUL0x4C/AtomPePacker,AtomPePacker,NUL0x4C/AtomPePacker,A Highly capable Pe Packer,"['edr-bypass', 'packer', 'pe']",2022-10-12T04:01:02Z,2025-01-09T22:02:47Z,2022-10-21T08:47:38Z,122,C,689,0,TRUE,TRUE,FALSE,119,main,FALSE,0,0,0,0,16,0,apache-2.0,User
86,https://github.com/ETS-PoliTO/esp32-sniffer,esp32-sniffer,ETS-PoliTO/esp32-sniffer,ESP32 firmware that sniffs PROBE REQUEST packets sent from smartphones looking for a Wi-Fi connection in order to extract different types of information,FALSE,2018-12-07T10:47:17Z,2025-01-26T17:53:39Z,2023-12-18T22:52:06Z,468,C,202,0,TRUE,TRUE,FALSE,31,202,FALSE,0,0,0,0,35,0,gpl-3.0,User
87,https://github.com/jankae/VNA,VNA,jankae/VNA,1MHz to 6GHz USB based vector network analyzer,['vna'],2020-04-02T13:45:32Z,2024-12-09T13:12:33Z,2020-09-27T13:03:58Z,10275,C,136,0,TRUE,TRUE,FALSE,30,master,FALSE,0,0,0,0,132,0,gpl-3.0,User
88,https://github.com/0x27/linux.mirai,linux.mirai,0x27/linux.mirai,Leaked Linux.Mirai Source Code for Research/IoC Development Purposes,FALSE,2016-10-02T00:18:51Z,2025-01-22T09:49:23Z,2017-02-17T09:12:44Z,143,C,558,0,TRUE,TRUE,FALSE,245,558,FALSE,0,0,0,0,5,0,0,User
89,https://github.com/boku7/Ninja_UUID_Runner,Ninja_UUID_Runner,boku7/Ninja_UUID_Runner,"Module Stomping, No New Thread, HellsGate syscaller, UUID Shellcode Runner for x64 Windows 10!",[],2021-10-05T19:14:39Z,2025-01-24T12:09:43Z,2023-03-08T15:53:15Z,1396,C,440,0,FALSE,TRUE,FALSE,86,main,FALSE,0,0,0,0,73,0,mit,User
90,https://github.com/jdah/doomenstein-3d,doomenstein-3d,jdah/doomenstein-3d,Wolfenstein/DOOM style software renderers,[],2023-03-05T14:57:23Z,2025-01-26T09:30:26Z,2023-03-10T11:30:14Z,19,C,947,0,TRUE,TRUE,FALSE,69,main,FALSE,0,0,0,0,2,0,mit,User
91,https://github.com/tuxedocomputers/tuxedo-keyboard,tuxedo-keyboard,tuxedocomputers/tuxedo-keyboard,This repository will no longer get any updates as the code here is now part of tuxedo-drivers https://gitlab.com/tuxedocomputers/development/packages/tuxedo-drivers.,FALSE,2018-06-28T08:35:46Z,2025-01-19T00:18:22Z,2023-12-11T13:41:22Z,651,C,299,0,TRUE,TRUE,FALSE,95,299,FALSE,0,0,0,0,547,0,gpl-3.0,Organization
92,https://github.com/kdrag0n/proton-clang,proton-clang,kdrag0n/proton-clang,Proton Clang toolchains builds in the form of a continuously updating Git repository. Clone with --depth=1.,"['binutils', 'clang', 'cross-compiler', 'kernel', 'llvm']",2020-01-30T17:08:29Z,2025-01-22T02:49:43Z,2021-05-22T23:36:00Z,13643503,C,308,0,TRUE,TRUE,FALSE,295,master,FALSE,0,0,0,0,74,0,other,User
93,https://github.com/xoreaxeaxeax/rosenbridge,rosenbridge,xoreaxeaxeax/rosenbridge,Hardware backdoors in some x86 CPUs,[],2018-08-09T03:56:17Z,2025-01-20T14:46:13Z,2018-10-12T09:22:06Z,561,C,2348,88,TRUE,TRUE,FALSE,225,master,FALSE,9,5,4,1,1,0,mit,User
94,https://github.com/S3cur3Th1sSh1t/Ruy-Lopez,Ruy-Lopez,S3cur3Th1sSh1t/Ruy-Lopez,0,[],2023-05-06T07:40:32Z,2024-12-10T08:31:54Z,2023-06-28T11:48:40Z,1577,C,297,0,TRUE,TRUE,FALSE,32,main,FALSE,0,0,0,0,38,0,bsd-3-clause,User
95,https://github.com/ninjaprawn/async_wake-fun,async_wake-fun,ninjaprawn/async_wake-fun,async_wake with a bit of fun! - async_awake by Ian Beer (https://bugs.chromium.org/p/project-zero/issues/detail?id=1417#c3),[],2017-12-14T14:24:38Z,2024-09-12T20:35:23Z,2018-01-02T11:13:43Z,1203,C,161,0,TRUE,TRUE,FALSE,63,master,FALSE,0,0,0,0,23,0,0,User
97,https://github.com/AlexGyver/GyverCore,GyverCore,AlexGyver/GyverCore,–ë—ã—Å—Ç—Ä–æ–µ —è–¥—Ä–æ –¥–ª—è Arduino IDE,[],2019-07-30T13:24:40Z,2025-01-02T17:38:51Z,2022-01-07T18:12:19Z,705449,C,129,17,TRUE,TRUE,FALSE,13,master,FALSE,7,18,1,6,105,2,lgpl-3.0,User
98,https://github.com/vineetred/flowy,flowy,vineetred/flowy,"A lean, privacy-preserving dynamic wallpaper changer written in Rust.",[],2020-07-03T11:43:13Z,2025-01-04T13:00:57Z,2023-08-01T04:09:38Z,35517,Rust,281,8,TRUE,TRUE,FALSE,17,master,FALSE,5,39,1,27,150,11,gpl-3.0,User
99,https://github.com/openxc/uds-c,uds-c,openxc/uds-c,Unified Diagnostics Service (UDS) and OBD-II (On Board Diagnostics for Vehicles) C Library,[],2013-12-30T22:13:32Z,2025-01-10T06:02:38Z,2021-08-16T20:03:43Z,105,C,709,96,TRUE,TRUE,FALSE,332,master,FALSE,5,7,1,20,118,9,bsd-3-clause,Organization
100,https://github.com/Cr4sh/SmmBackdoorNg,SmmBackdoorNg,Cr4sh/SmmBackdoorNg,"Updated version of System Management Mode backdoor for UEFI based platforms: old dog, new tricks","['backdoor', 'boot', 'exploit', 'firmware', 'intel', 'malware', 'smm', 'uefi']",2023-10-06T17:36:40Z,2025-01-20T01:40:15Z,2023-11-03T15:28:12Z,1824,C,298,0,FALSE,TRUE,FALSE,50,main,FALSE,0,0,0,0,35,0,gpl-3.0,User
101,https://github.com/ozy/ToyJVM,ToyJVM,ozy/ToyJVM,An experimental Java Bytecode Interpreter written in C,FALSE,2019-02-22T17:08:53Z,2025-01-12T06:51:03Z,2019-04-11T08:46:46Z,63,C,164,0,TRUE,TRUE,FALSE,20,164,FALSE,0,0,0,0,21,0,gpl-2.0,User
102,https://github.com/bucanero/pkgi-ps3,pkgi-ps3,bucanero/pkgi-ps3,A PlayStation 3 package download tool,"['download-manager', 'ps3', 'ps3-tool']",2019-12-04T18:26:30Z,2025-01-23T15:51:35Z,2023-11-04T21:48:39Z,640,C,745,42,TRUE,TRUE,TRUE,92,master,FALSE,16,78,1,23,177,9,mit,User
103,https://github.com/TetrisSQC/SynapseTCP,SynapseTCP,TetrisSQC/SynapseTCP,0,[],2016-05-27T11:50:57Z,2023-07-17T21:06:20Z,2019-09-17T12:43:23Z,349,Pascal,18,0,TRUE,TRUE,FALSE,12,master,FALSE,0,0,0,0,12,0,0,User
104,https://github.com/deeponion/deeponion-legacy,deeponion-legacy,deeponion/deeponion-legacy,Official Source Repo for DeepOnion - Anonymous Cryptocurrency on TOR Network (legacy),"['anonymous', 'blockchain', 'cryptocurrency', 'deeponion', 'deepvault', 'secure', 'tor', 'untraceable']",2017-07-08T19:33:19Z,2024-11-04T11:52:43Z,2019-12-09T21:16:26Z,28512,C,417,0,TRUE,TRUE,FALSE,113,master,FALSE,0,0,0,0,635,0,mit,User
105,https://github.com/id-Software/quake2-rerelease-dll,quake2-rerelease-dll,id-Software/quake2-rerelease-dll,0,[],2023-08-07T15:56:57Z,2025-01-24T22:32:14Z,2023-10-03T18:43:10Z,941,C,2173,0,FALSE,TRUE,FALSE,189,main,FALSE,0,0,0,0,2,0,gpl-2.0,Organization
106,https://github.com/rapiz1/DungeonRush,DungeonRush,rapiz1/DungeonRush,"üëæüêç A opensource game inspired by Snake, written in pure C with SDL","['c', 'game', 'sdl2']",2020-02-21T14:47:24Z,2025-01-24T02:41:31Z,2022-01-17T07:50:07Z,10040,C,2041,27,TRUE,TRUE,FALSE,300,master,FALSE,13,13,2,17,127,10,gpl-3.0,User
107,https://github.com/ldpreload/Medusa,Medusa,ldpreload/Medusa,LD_PRELOAD Rootkit,"['backdoor', 'ldpreload', 'linux', 'malware', 'rootkit']",2022-12-31T07:07:18Z,2025-01-21T23:40:04Z,2023-05-25T08:54:36Z,816,C,209,0,TRUE,TRUE,FALSE,53,main,FALSE,0,0,0,0,21,0,0,User
108,https://github.com/lcodecorex/KeepAlive,KeepAlive,lcodecorex/KeepAlive,Fighting against force-stop kill process on Android with binder ioctl / AndroidÈ´òÁ∫ß‰øùÊ¥ª,FALSE,2020-03-30T13:50:39Z,2024-12-30T12:17:11Z,2020-05-30T10:35:10Z,2465,C,589,0,TRUE,TRUE,FALSE,191,589,FALSE,0,0,0,0,3,0,mit,User
109,https://github.com/sequoia-hope/large_format_laser_cutter,large_format_laser_cutter,sequoia-hope/large_format_laser_cutter,"A laser cutter designed for cutting fabric. Because it is so large, it can hide under your rug when not in use.",[],2022-01-02T02:18:20Z,2024-11-26T12:50:42Z,2022-09-28T19:36:24Z,98,C,215,0,TRUE,TRUE,FALSE,2,main,FALSE,0,0,0,0,9,0,cc0-1.0,User
110,https://github.com/trzy/ChatARKit,ChatARKit,trzy/ChatARKit,Using ChatGPT to create AR experiences with natural language.,[],2022-12-21T06:13:54Z,2025-01-18T21:00:17Z,2023-03-31T02:24:24Z,26563,C,432,0,TRUE,TRUE,FALSE,36,master,FALSE,0,0,0,0,16,0,mit,User
111,https://github.com/rui314/chibicc,chibicc,rui314/chibicc,A small C compiler,[],2019-08-03T02:22:25Z,2025-01-27T03:31:10Z,2023-10-30T18:02:47Z,882,C,9885,175,TRUE,TRUE,FALSE,894,main,FALSE,85,28,28,11,316,0,mit,User
112,https://github.com/wasabia/flutter_gl,flutter_gl,wasabia/flutter_gl,cross-platform call OpenGL API by Dart through dart:ffi. Provides OpenGL with Texture Widget on Flutter.,"['android', 'dart', 'flutter', 'ios', 'opengl', 'opengl-es', 'web', 'webgl']",2021-05-06T15:17:09Z,2024-12-13T20:16:52Z,2023-04-16T12:12:47Z,2453,C,249,0,TRUE,TRUE,FALSE,65,main,FALSE,0,0,0,0,178,0,0,User
113,https://github.com/cube0x0/BofRoast,BofRoast,cube0x0/BofRoast,Beacon Object Files for roasting Active Directory,[],2022-02-21T10:10:20Z,2025-01-22T21:39:39Z,2022-02-21T10:12:31Z,23,C,221,0,TRUE,TRUE,FALSE,38,main,FALSE,0,0,0,0,1,0,0,User
114,https://github.com/drkhsh/slstatus,slstatus,drkhsh/slstatus,mirror from suckless.org. send patches to hackers@suckless.org mailing list. NO PRs,"['dwm', 'status-bar', 'status-monitor', 'suckless', 'suckless-org', 'suckless-software']",2016-03-04T09:46:18Z,2025-01-25T11:12:22Z,2023-07-04T18:49:53Z,496,C,207,0,FALSE,TRUE,FALSE,68,master,FALSE,0,0,0,0,604,0,isc,User
115,https://github.com/n64decomp/007,7,n64decomp/007,A decompilation of Goldeneye 007 brought to you by a bunch of clever folks. (MIRROR of https://gitlab.com/kholdfuzion/goldeneye_src),FALSE,2020-02-17T21:31:00Z,2025-01-20T08:18:36Z,2023-09-28T15:56:31Z,80397,C,414,0,FALSE,TRUE,FALSE,39,414,FALSE,0,0,0,0,127,0,0,Organization
116,https://github.com/dsprenkels/sss,sss,dsprenkels/sss,Library for the Shamir secret sharing scheme,"['cryptography', 'shamir-secret-sharing']",2017-04-05T12:23:47Z,2025-01-08T08:21:06Z,2022-03-18T23:43:10Z,110,C,361,12,TRUE,TRUE,FALSE,81,master,FALSE,4,18,1,19,153,6,mit,User
117,https://github.com/boku7/spawn,spawn,boku7/spawn,"Cobalt Strike BOF that spawns a sacrificial process, injects it with shellcode, and executes payload. Built to evade EDR/UserLand hooks by spawning sacrificial process with Arbitrary Code Guard (ACG), BlockDll, and PPID spoofing.",[],2021-07-17T16:35:59Z,2025-01-24T04:56:18Z,2023-03-08T15:53:44Z,542,C,446,0,FALSE,TRUE,FALSE,71,main,FALSE,0,0,0,0,59,0,mit,User
118,https://github.com/TheScienceElf/TI-84-CE-Raytracing,TI-84-CE-Raytracing,TheScienceElf/TI-84-CE-Raytracing,A ray tracing engine for the Ti84 CE written in C++ and ez80 assembly.,[],2022-01-26T20:20:03Z,2025-01-19T01:01:34Z,2022-05-27T06:20:55Z,246,C,510,10,TRUE,TRUE,FALSE,18,main,FALSE,1,3,1,1,5,2,mit,User
119,https://github.com/kimmobrunfeldt/eink-weather-display,eink-weather-display,kimmobrunfeldt/eink-weather-display,Battery-powered E-Ink weather display for our home.,"['diy', 'eink', 'electronics', 'pijuice', 'raspberry-pi']",2022-11-13T09:50:04Z,2025-01-23T00:06:04Z,2023-10-29T06:44:37Z,5464,C,306,5,TRUE,TRUE,FALSE,21,main,FALSE,2,4,1,1,160,0,apache-2.0,User
120,https://github.com/nevermoe/EHook,EHook,nevermoe/EHook,"A hooking framework for commercial Android emulators (Èõ∑ÁîµÊ®°ÊãüÂô®, NOX, BlueStacks).",[],2018-02-13T09:54:03Z,2024-12-28T11:03:55Z,2018-08-06T09:47:24Z,358,C,162,0,TRUE,TRUE,FALSE,58,master,FALSE,0,0,0,0,12,0,gpl-2.0,User
121,https://github.com/seaburg/IGIdenticon,IGIdenticon,seaburg/IGIdenticon,Swift identicon generator,"['github-avatar', 'identicon']",2013-08-04T15:21:19Z,2024-01-05T15:04:47Z,2021-06-09T07:55:25Z,292,Swift,90,0,TRUE,TRUE,FALSE,11,master,FALSE,0,0,0,0,85,0,mit,User
122,https://github.com/xerpi/vita2hos,vita2hos,xerpi/vita2hos,[WIP] PlayStation Vita to Horizon OS (Nintendo Switch OS) translation layer,[],2022-02-08T18:20:31Z,2025-01-17T17:29:39Z,2023-10-19T08:03:22Z,3979,C,1112,0,TRUE,TRUE,TRUE,31,master,FALSE,0,0,0,0,119,0,gpl-2.0,User
123,https://github.com/TheComet/ik,ik,TheComet/ik,Minimal Inverse Kinematics library,"['3d', 'algorithm-library', 'animation', 'calculations', 'end-effector', 'ik', 'inverse-kinematics', 'inverse-kinematics-library', 'python-bindings', 'rotation', 'rotations', 'solver', 'wiki-page']",2017-03-05T21:43:25Z,2025-01-15T09:27:55Z,2020-12-01T16:19:06Z,1723,C,500,0,TRUE,TRUE,FALSE,72,master,FALSE,0,0,0,0,99,0,mit,User
124,https://github.com/duckyb/zmk-sweep,zmk-sweep,duckyb/zmk-sweep,Ferris Sweep ZMK Configuration,[],2021-10-10T14:39:35Z,2025-01-25T10:27:39Z,2023-10-07T07:59:57Z,43,C,282,0,TRUE,TRUE,FALSE,141,main,FALSE,0,0,0,0,61,0,0,User
125,https://github.com/Cracked5pider/CoffeeLdr,CoffeeLdr,Cracked5pider/CoffeeLdr,Beacon Object File Loader,[],2022-07-18T15:21:11Z,2025-01-20T01:27:33Z,2023-12-03T18:09:34Z,12,C,282,0,TRUE,TRUE,FALSE,37,main,FALSE,0,0,0,0,3,0,0,User
126,https://github.com/FreeJoy-Team/FreeJoy,FreeJoy,FreeJoy-Team/FreeJoy,STM32F103 USB HID game device controller with flexible configuration,"['game-controller', 'hotas', 'joystick', 'pedals', 'rudder', 'steering-wheel', 'usb-hid']",2019-10-04T22:48:18Z,2025-01-24T13:47:57Z,2023-06-27T21:23:19Z,22775,C,797,0,TRUE,TRUE,FALSE,147,master,FALSE,0,0,0,0,337,0,gpl-3.0,Organization
127,https://github.com/smontanaro/python-0.9.1,python-0.9.1,smontanaro/python-0.9.1,Upload and changes to Python 0.9.1 release (from 1991!) so that it would compile,[],2021-02-16T21:42:51Z,2025-01-27T00:59:44Z,2021-08-12T00:47:12Z,1297,C,191,0,TRUE,TRUE,FALSE,37,main,FALSE,0,0,0,0,18,0,0,User
128,https://github.com/icedman/flutter_editor,flutter_editor,icedman/flutter_editor,building the ultimate code editor with flutter,[],2022-02-17T13:35:43Z,2025-01-05T04:28:32Z,2022-08-22T02:13:03Z,14476,C,191,0,TRUE,TRUE,FALSE,26,main,FALSE,0,0,0,0,152,0,mit,User
129,https://github.com/boku7/azureOutlookC2,azureOutlookC2,boku7/azureOutlookC2,Azure Outlook Command & Control (C2) - Remotely control a compromised Windows Device from your Outlook mailbox. Threat Emulation Tool for North Korean APT InkySquid / ScarCruft / APT37. TTP: Use Microsoft Graph API for C2 Operations.,[],2021-09-10T02:00:57Z,2025-01-22T21:42:28Z,2023-05-16T22:53:39Z,13819,C,468,0,FALSE,TRUE,FALSE,97,main,FALSE,0,0,0,0,37,0,mit,User
130,https://github.com/vitoplantamura/BugChecker,BugChecker,vitoplantamura/BugChecker,SoftICE-like kernel debugger for Windows 11,"['kernel-debugger', 'windows-kernel']",2023-01-02T17:17:35Z,2025-01-25T11:29:48Z,2023-07-18T06:54:18Z,32466,C,952,0,TRUE,TRUE,FALSE,128,master,FALSE,0,0,0,0,6,0,lgpl-2.1,User
131,https://github.com/drogue-iot/drogue-device,drogue-device,drogue-iot/drogue-device,A distribution of tools and examples for building embedded IoT applications in Rust,"['async', 'drogue-device', 'embedded', 'iot', 'lora', 'rust', 'wifi']",2021-01-15T22:04:24Z,2025-01-19T21:32:21Z,2023-10-06T10:58:54Z,6532,Rust,191,6,TRUE,TRUE,FALSE,24,main,FALSE,10,35,12,331,1461,12,apache-2.0,Organization
132,https://github.com/rxwx/spoolsystem,spoolsystem,rxwx/spoolsystem,Print Spooler Named Pipe Impersonation for Cobalt Strike,FALSE,2020-06-13T11:24:20Z,2024-12-30T08:36:20Z,2020-06-13T11:50:44Z,2177,C,260,0,TRUE,TRUE,FALSE,38,260,FALSE,0,0,0,0,7,0,0,User
133,https://github.com/deepinstinct/Dirty-Vanity,Dirty-Vanity,deepinstinct/Dirty-Vanity,"A POC for the new injection technique, abusing windows fork API to evade EDRs. https://www.blackhat.com/eu-22/briefings/schedule/index.html#dirty-vanity-a-new-approach-to-code-injection--edr-bypass-28417",[],2022-11-24T10:54:00Z,2025-01-23T14:50:13Z,2022-12-23T10:54:10Z,69,C,631,0,TRUE,TRUE,FALSE,84,main,FALSE,0,0,0,0,3,0,0,Organization
134,https://github.com/fgsect/FitM,FitM,fgsect/FitM,"FitM, the Fuzzer in the Middle, can fuzz client and server binaries at the same time using userspace snapshot-fuzzing and network emulation. It's fast and comparably easy to set up.","['aflplusplus', 'criu', 'fuzzing', 'qemu']",2021-01-31T12:52:14Z,2025-01-09T08:28:53Z,2022-05-08T14:56:05Z,70082,C,282,0,TRUE,TRUE,FALSE,20,main,FALSE,0,0,0,0,724,0,mit,Organization
135,https://github.com/google/AFL,AFL,google/AFL,american fuzzy lop - a security-oriented fuzzer,[],2019-07-25T16:50:06Z,2025-01-27T05:13:00Z,2021-07-05T14:02:41Z,939,C,3801,82,TRUE,TRUE,FALSE,651,master,FALSE,54,37,12,56,53,24,apache-2.0,Organization
136,https://github.com/joncatanio/cannoli,cannoli,joncatanio/cannoli,Cannoli Programming Language,[],2017-12-08T19:38:08Z,2024-12-20T05:25:17Z,2018-10-25T23:13:52Z,11451,Rust,770,0,TRUE,TRUE,FALSE,20,master,FALSE,0,0,0,0,182,0,mit,User
137,https://github.com/thi-ng/raymarchcl,raymarchcl,thi-ng/raymarchcl,Experimental OpenCL voxel rendering/raymarching via Clojure REPL (from 2013),FALSE,2015-05-24T09:34:53Z,2024-09-08T16:39:12Z,2015-06-02T01:27:10Z,2703,C,134,0,TRUE,TRUE,FALSE,5,134,FALSE,0,0,0,0,49,0,0,Organization
138,https://github.com/z3ntu/android_device_fairphone_FP4,android_device_fairphone_FP4,z3ntu/android_device_fairphone_FP4,Android device tree for Fairphone 4,FALSE,2021-12-10T20:30:25Z,2023-05-11T07:43:30Z,2023-10-02T08:27:29Z,31510,Makefile,14,0,TRUE,TRUE,FALSE,5,14,FALSE,0,0,0,0,9,0,0,User
139,https://github.com/kindelia/Kindelia,Kindelia,kindelia/Kindelia,"An efficient, secure cryptocomputer",[],2022-02-14T00:24:38Z,2025-01-26T08:42:56Z,2023-11-25T01:18:55Z,2112,Rust,614,31,TRUE,TRUE,TRUE,38,master,FALSE,45,67,9,151,816,8,0,Organization
140,https://github.com/xerub/extra_recipe,extra_recipe,xerub/extra_recipe,Exception-oriented exploitation by Ian Beer,[],2017-05-17T10:15:19Z,2024-10-04T23:46:50Z,2018-03-01T18:59:15Z,8868,C,185,0,TRUE,TRUE,FALSE,76,master,FALSE,0,0,0,0,24,0,0,User
141,https://github.com/OrangeTide/btree,btree,OrangeTide/btree,lock free modified prefix B+tree append-only database,FALSE,2012-01-06T12:12:55Z,2024-07-07T07:56:17Z,2015-05-19T22:24:29Z,147,C,115,0,TRUE,TRUE,FALSE,24,115,FALSE,0,0,0,0,10,0,0,User
142,https://github.com/DualCoder/vgpu_unlock,vgpu_unlock,DualCoder/vgpu_unlock,Unlock vGPU functionality for consumer grade GPUs.,[],2021-01-28T20:20:51Z,2025-01-27T05:15:28Z,2023-02-28T18:32:51Z,102,C,4687,104,TRUE,TRUE,FALSE,433,master,FALSE,48,64,2,12,23,6,mit,User
143,https://github.com/lg/emugaming,emugaming,lg/emugaming,Run Win10 games in Docker with GPU passthrough at near-native performance,[],2020-07-25T22:12:59Z,2025-01-10T12:55:19Z,2020-08-01T08:34:19Z,2478,Shell,171,0,TRUE,TRUE,FALSE,20,master,FALSE,0,0,0,0,6,0,0,User
144,https://github.com/jhhoward/WolfensteinCGA,WolfensteinCGA,jhhoward/WolfensteinCGA,Wolfenstein 3D with a CGA renderer,[],2023-01-07T14:31:34Z,2025-01-22T12:09:03Z,2023-08-18T19:39:08Z,7420,C,332,0,TRUE,TRUE,FALSE,11,master,FALSE,0,0,0,0,26,0,0,User
145,https://github.com/zma/zlog,zlog,zma/zlog,A low-latency in-memory C logging library,"['c', 'in-memory', 'logger', 'logging', 'logging-library']",2011-09-16T04:22:54Z,2025-01-06T03:16:49Z,2022-05-22T07:06:10Z,72,C,59,0,TRUE,TRUE,FALSE,17,main,FALSE,0,0,0,0,60,0,unlicense,User
146,https://github.com/frkngksl/Huan,Huan,frkngksl/Huan,Encrypted PE Loader Generator,[],2021-05-21T08:55:02Z,2025-01-26T22:42:11Z,2021-08-13T10:48:26Z,94,C,539,0,TRUE,TRUE,FALSE,106,main,FALSE,0,0,0,0,17,0,0,User
147,https://github.com/hvan110/miniFOCctrl,miniFOCctrl,hvan110/miniFOCctrl,it is a super-mini  FOC Driver used by STM/GD32F405RGT6,[],2022-11-30T05:00:23Z,2025-01-18T07:12:03Z,2022-12-07T13:00:51Z,27894,C,203,0,TRUE,TRUE,FALSE,79,main,FALSE,0,0,0,0,8,0,0,User
148,https://github.com/pedker/OLED-BongoCat-Revision,OLED-BongoCat-Revision,pedker/OLED-BongoCat-Revision,0,[],2022-02-19T00:04:11Z,2025-01-23T13:12:26Z,2022-03-03T03:18:37Z,21576,C,184,0,TRUE,TRUE,FALSE,19,main,FALSE,0,0,0,0,9,0,0,User
149,https://github.com/anthemtotheego/CredBandit,CredBandit,anthemtotheego/CredBandit,Proof of concept Beacon Object File (BOF) that uses static x64 syscalls to perform a complete in memory dump of a process and send that back through your already existing Beacon communication channel,[],2021-03-17T13:25:52Z,2025-01-20T17:47:57Z,2021-07-14T16:41:34Z,83,C,216,0,TRUE,TRUE,FALSE,55,main,FALSE,0,0,0,0,13,0,0,User
150,https://github.com/clashcross/ClashCross,ClashCross,clashcross/ClashCross,"ClashCross is a cross-platform proxy debugging application built on the Clash core, supporting Android, Windows, macOS, and Linux.ClashCrossÊòØÂü∫‰∫éClashÊ†∏ÂøÉÊûÑÂª∫ÁöÑË∑®Âπ≥Âè∞‰ª£ÁêÜË∞ÉËØïÂ∫îÁî®ÔºåÊîØÊåÅandroid„ÄÅwindows„ÄÅmacos„ÄÅlinux","['clash', 'clashcross', 'clashforandroid', 'clashforlinux', 'clashformac', 'clashforwindows']",2023-07-26T22:07:44Z,2025-01-15T09:32:11Z,2023-08-04T11:28:08Z,26708,C,205,0,TRUE,TRUE,TRUE,30,master,FALSE,0,0,0,0,11,0,0,User
151,https://github.com/greensoftwarelab/Energy-Languages,Energy-Languages,greensoftwarelab/Energy-Languages,"The complete set of tools for energy consumption analysis of programming languages, using Computer Language Benchmark Game","['clbg', 'energy', 'languages', 'programming']",2017-08-28T16:41:20Z,2025-01-11T20:19:38Z,2023-10-12T12:46:46Z,1746,C,699,33,TRUE,TRUE,FALSE,113,master,FALSE,9,12,2,16,23,7,mit,Organization
152,https://github.com/nullstalgia/UARTSwitchCon,UARTSwitchCon,nullstalgia/UARTSwitchCon,"ESP32 and Arduino (AVR) compatible, UART controlled Nintendo Switch controller emulators.",[],2020-07-01T07:24:24Z,2025-01-22T03:56:28Z,2022-09-15T02:32:48Z,76,C,142,0,TRUE,TRUE,FALSE,16,master,FALSE,0,0,0,0,17,0,gpl-3.0,User
153,https://github.com/sandboxie/sandboxie,sandboxie,sandboxie/sandboxie,The Sandboxie application,[],2020-04-14T16:59:47Z,2025-01-25T15:22:54Z,2022-09-22T16:59:04Z,892,C,3579,112,TRUE,TRUE,FALSE,709,master,FALSE,61,20,2,3,6,2,gpl-3.0,Organization
155,https://github.com/igr/dm2,dm2,igr/dm2,"DM2 | cool Windows app - unique windows manager, open dialog enhancer and much more!",FALSE,2017-09-02T07:36:43Z,2025-01-22T22:41:51Z,2017-09-02T20:22:14Z,537,C,115,0,TRUE,TRUE,FALSE,15,115,FALSE,0,0,0,0,9,0,gpl-3.0,User
156,https://github.com/norbusan/debian-gwaei,debian-gwaei,norbusan/debian-gwaei,0,[],2019-03-03T00:24:46Z,2024-09-20T17:45:34Z,2021-10-18T04:21:42Z,1955,C,419,0,TRUE,TRUE,FALSE,0,master,FALSE,0,0,0,0,82,0,gpl-3.0,User
157,https://github.com/CesarChaussinand/boumboup,boumboup,CesarChaussinand/boumboup,An electronic music piece made with Faust,FALSE,2023-09-10T19:23:50Z,2023-09-10T19:25:13Z,2023-09-14T09:59:59Z,11,Faust,0,0,TRUE,TRUE,FALSE,0,0,FALSE,0,0,0,0,8,0,other,User
158,https://github.com/google/x-amber,x-amber,google/x-amber,0,FALSE,2020-08-28T01:20:59Z,2024-10-25T12:18:45Z,2020-08-28T01:31:32Z,266583,C,165,0,TRUE,TRUE,FALSE,35,165,FALSE,0,0,0,0,1,0,0,Organization
159,https://github.com/Yaxser/Backstab,Backstab,Yaxser/Backstab,A tool to kill antimalware protected processes,[],2021-06-15T16:02:11Z,2025-01-25T13:28:22Z,2021-06-19T20:01:52Z,22847,C,1403,0,TRUE,TRUE,FALSE,241,master,FALSE,0,0,0,0,18,0,0,User
160,https://github.com/florylsk/RecycledInjector,RecycledInjector,florylsk/RecycledInjector,Native Syscalls Shellcode Injector,"['hacking', 'pentesting', 'redteam']",2023-06-23T16:14:56Z,2024-12-26T13:19:41Z,2023-07-02T11:04:28Z,2240,C,264,0,TRUE,TRUE,FALSE,43,main,FALSE,0,0,0,0,7,0,0,User
161,https://github.com/antonioCoco/RoguePotato,RoguePotato,antonioCoco/RoguePotato,Another Windows Local Privilege Escalation from Service Account to System,[],2020-05-10T17:38:28Z,2025-01-26T10:06:11Z,2021-01-09T20:43:07Z,187,C,1063,0,TRUE,TRUE,FALSE,127,master,FALSE,0,0,0,0,3,0,gpl-3.0,User
163,https://github.com/dbrgn/pinetime-rtic,pinetime-rtic,dbrgn/pinetime-rtic,Rust + RTFM on the PineTime!,"['pinetime', 'rust']",2020-01-28T22:57:01Z,2025-01-21T18:49:24Z,2021-08-17T07:36:21Z,13203,Rust,71,0,TRUE,TRUE,FALSE,10,master,FALSE,0,0,0,0,47,0,apache-2.0,User
164,https://github.com/yixia/VitamioBundleStudio,VitamioBundleStudio,yixia/VitamioBundleStudio,0,FALSE,2017-04-01T10:14:50Z,2024-12-22T07:25:52Z,2017-04-14T07:48:25Z,117475,Java,327,0,TRUE,TRUE,FALSE,134,327,FALSE,0,0,0,0,5,0,0,Organization
166,https://github.com/keith/dyld-shared-cache-extractor,dyld-shared-cache-extractor,keith/dyld-shared-cache-extractor,A CLI for extracting libraries from Apple's dyld shared cache file,[],2021-08-03T17:43:07Z,2025-01-21T08:31:14Z,2023-12-11T19:06:24Z,25,C,470,0,TRUE,TRUE,FALSE,38,main,FALSE,0,0,0,0,19,0,mit,User
167,https://github.com/patrick3399/Hi-Link_mmWave_Radar_ESPHome,Hi-Link_mmWave_Radar_ESPHome,patrick3399/Hi-Link_mmWave_Radar_ESPHome,"Hi-Link LD1115H, LD1125H, LD017, LD016 mmWave Radar with ESPHome Example Code",[],2022-06-16T14:45:46Z,2025-01-25T13:52:06Z,2023-11-19T18:23:02Z,10298,C,255,0,TRUE,TRUE,FALSE,36,main,FALSE,0,0,0,0,244,0,0,User
168,https://github.com/GrumpyOldPizza/ArduinoCore-stm32l0,ArduinoCore-stm32l0,GrumpyOldPizza/ArduinoCore-stm32l0,Arduino Core for STM32L0,FALSE,2018-01-21T01:20:14Z,2024-12-06T08:22:05Z,2022-12-23T15:57:31Z,67138,C,126,21,TRUE,TRUE,FALSE,67,126,FALSE,63,127,7,12,153,2,0,User
169,https://github.com/YosysHQ/fpga-toolchain,fpga-toolchain,YosysHQ/fpga-toolchain,Multi-platform nightly builds of open source FPGA tools,[],2020-04-25T00:52:58Z,2025-01-11T04:54:16Z,2021-11-03T23:08:09Z,141273,C,294,12,TRUE,TRUE,FALSE,26,main,FALSE,21,34,2,25,322,5,gpl-3.0,Organization
170,https://github.com/ZJU-FAST-Lab/CMPCC,CMPCC,ZJU-FAST-Lab/CMPCC,CMPCC: Corridor-based Model PredictiveContouring Control for Aggressive Drone Flight,[],2020-07-06T05:43:28Z,2025-01-21T05:50:06Z,2021-05-14T11:20:14Z,25231,C,217,0,TRUE,TRUE,FALSE,32,master,FALSE,0,0,0,0,24,0,0,Organization
171,https://github.com/DinoZ1729/Galaxy,Galaxy,DinoZ1729/Galaxy,0,[],2021-01-23T16:01:35Z,2025-01-12T21:24:59Z,2022-05-18T10:19:28Z,55,C,372,12,TRUE,TRUE,FALSE,37,main,FALSE,3,1,1,5,16,4,gpl-3.0,User
172,https://github.com/Maldev-Academy/HellHall,HellHall,Maldev-Academy/HellHall,Performing Indirect Clean Syscalls,"['edrs', 'syscalls']",2023-01-03T04:43:05Z,2025-01-18T14:00:11Z,2023-04-19T06:10:47Z,30,C,508,0,TRUE,TRUE,FALSE,67,main,FALSE,0,0,0,0,4,0,0,Organization
173,https://github.com/rlancemartin/auto-evaluator,auto-evaluator,rlancemartin/auto-evaluator,Evaluation tool for LLM QA chains,[],2023-04-14T23:46:38Z,2025-01-09T23:20:51Z,2023-05-10T02:00:18Z,45781,Python,1066,0,TRUE,TRUE,FALSE,95,main,FALSE,0,0,0,0,33,0,0,User
174,https://github.com/expr-fi/fastlwc,fastlwc,expr-fi/fastlwc,SIMD-enhanced word counter,FALSE,2019-10-27T16:02:30Z,2025-01-17T08:51:09Z,2019-11-23T05:22:18Z,187,C,244,0,TRUE,TRUE,FALSE,11,244,FALSE,0,0,0,0,36,0,mit,User
175,https://github.com/Cisco-Talos/Barbervisor,Barbervisor,Cisco-Talos/Barbervisor,Intel x86 bare metal hypervisor for researching snapshot fuzzing ideas.,[],2020-08-03T15:32:18Z,2025-01-03T18:54:26Z,2020-12-02T20:01:11Z,688,Rust,166,0,TRUE,TRUE,FALSE,20,master,FALSE,0,0,0,0,6,0,apache-2.0,Organization
176,https://github.com/loboris/MicroPython_ESP32_psRAM_LoBo,MicroPython_ESP32_psRAM_LoBo,loboris/MicroPython_ESP32_psRAM_LoBo,MicroPython for ESP32 with psRAM support,FALSE,2018-01-03T13:14:56Z,2025-01-21T10:35:08Z,2023-10-19T02:41:59Z,1095040,C,839,81,TRUE,TRUE,FALSE,344,839,FALSE,128,192,12,11,78,0,mit,User
177,https://github.com/tobychui/4xMacropad,4xMacropad,tobychui/4xMacropad,"Some ultra low cost, unique layouts mechanical macropad using CH552G","['arduino', 'business-card', 'ch552', 'diy', 'macropad', 'maker', 'mechanical-keyboard', 'pcb', 'usb-hid']",2023-04-09T15:42:21Z,2025-01-25T10:23:29Z,2023-09-20T07:07:28Z,9031,C,198,0,TRUE,TRUE,FALSE,16,main,FALSE,0,0,0,0,21,0,mit,User
178,https://github.com/pixelomer/AltDeploy,AltDeploy,pixelomer/AltDeploy,IPA sideloader based on AltServer,FALSE,2020-01-06T18:58:17Z,2024-12-09T01:57:14Z,2020-03-17T19:53:11Z,4847,C,657,0,TRUE,TRUE,FALSE,117,657,FALSE,0,0,0,0,29,0,0,User
179,https://github.com/nccgroup/nccfsas,nccfsas,nccgroup/nccfsas,Information released publicly by NCC Group's Full Spectrum Attack Simulation (FSAS) team.,[],2020-06-25T09:33:45Z,2025-01-25T12:02:31Z,2022-08-05T16:25:42Z,2461,C,608,0,FALSE,TRUE,FALSE,110,main,FALSE,0,0,0,0,44,0,0,Organization
180,https://github.com/justcallmekoko/USBKeylogger,USBKeylogger,justcallmekoko/USBKeylogger,A WiFi enabled USB Keylogger and Keystroke injection tool,"['arduino', 'esp8266', 'espressif', 'keylogger', 'keystroke-injection', 'spi', 'usb-hid', 'usb-host', 'usb-rubber-ducky', 'wifi']",2020-03-11T01:31:32Z,2025-01-18T01:00:41Z,2021-03-18T20:28:25Z,885,C,177,0,TRUE,TRUE,FALSE,25,master,FALSE,0,0,0,0,24,0,mit,User
181,https://github.com/pytorch/QNNPACK,QNNPACK,pytorch/QNNPACK,Quantized Neural Network PACKage - mobile-optimized implementation of quantized neural network operators,[],2018-10-22T20:01:29Z,2025-01-21T11:04:32Z,2019-08-28T20:40:59Z,535,C,1534,100,TRUE,TRUE,FALSE,221,master,FALSE,7,41,2,23,145,9,other,Organization
182,https://github.com/ly4k/PwnKit,PwnKit,ly4k/PwnKit,Self-contained exploit for CVE-2021-4034 - Pkexec Local Privilege Escalation,['cve-2021-4034'],2022-01-26T14:26:10Z,2025-01-24T01:16:53Z,2022-06-21T14:52:05Z,583,C,1110,0,TRUE,TRUE,FALSE,194,main,FALSE,0,0,0,0,10,0,mit,User
183,https://github.com/UncP/aili,aili,UncP/aili,the fastest in-memory index in the East ‰∏úÂçäÁêÉÊúÄÂø´Âπ∂ÂèëÁ¥¢Âºï,"['adaptive-radix-tree', 'b-link-tree', 'b-star-tree', 'b-tree', 'concurrent-data-structure', 'mass-tree', 'palm-tree', 'parallel-algorithm', 'prefix-b-tree']",2018-08-19T02:27:06Z,2025-01-15T05:48:30Z,2021-02-04T11:30:44Z,503,C,471,0,TRUE,TRUE,FALSE,70,master,FALSE,0,0,0,0,279,0,bsd-3-clause,User
184,https://github.com/geekuillaume/soundsync,soundsync,geekuillaume/soundsync,Virtual cables between any audio source and any speaker in your home,FALSE,2020-01-12T17:28:54Z,2025-01-23T10:32:04Z,2023-03-04T16:41:48Z,11807,C,855,17,TRUE,TRUE,FALSE,38,855,FALSE,26,25,66,56,924,4,apache-2.0,User
185,https://github.com/realganfan/r8125-esxi,r8125-esxi,realganfan/r8125-esxi,Realtek RTL8125 driver for ESXi 6.7,"['driver', 'esxi', 'r8125', 'rtl8125', 'vmware']",2020-10-25T09:32:44Z,2025-01-17T18:48:51Z,2021-12-29T19:23:39Z,573,C,214,0,TRUE,TRUE,FALSE,67,main,FALSE,0,0,0,0,11,0,gpl-3.0,User
186,https://github.com/johnpayne-dev/MinecraftC,MinecraftC,johnpayne-dev/MinecraftC,A Raytraced Minecraft Classic 0.0.30a port to C,"['c', 'classic', 'creative', 'cross-platform', 'game', 'implementation', 'linux', 'macos', 'minecraft', 'mod', 'opengl', 'port', 'raymarching', 'raymarching-distance-fields', 'raytracing', 'sdl2', 'windows']",2021-02-13T14:55:07Z,2025-01-23T10:14:58Z,2022-08-10T01:57:49Z,23632,C,316,0,TRUE,TRUE,FALSE,22,main,FALSE,0,0,0,0,124,0,mit,User
187,https://github.com/blunt-instruments/MevWallet,MevWallet,blunt-instruments/MevWallet,"MevWallet is a smart contract wallet that allows the user to capture MEV from Searchers, or create MEV on purpose.",[],2023-01-06T18:28:31Z,2025-01-19T11:30:29Z,2023-03-12T17:35:35Z,348,Rust,154,0,TRUE,TRUE,FALSE,7,main,FALSE,0,0,0,0,33,0,apache-2.0,Organization
188,https://github.com/thunlp/SE-WRL,SE-WRL,thunlp/SE-WRL,Improved Word Representation Learning with Sememes,"['sememe', 'word-embedding']",2017-04-18T08:49:58Z,2025-01-21T04:04:36Z,2018-09-10T15:01:24Z,14664,C,194,0,TRUE,TRUE,FALSE,56,master,FALSE,0,0,0,0,21,0,mit,Organization
189,https://github.com/ha-shine/rustagram,rustagram,ha-shine/rustagram,Instagram filters in Rust üí´,['rust'],2018-02-20T07:09:25Z,2024-11-05T00:38:10Z,2018-02-25T07:46:15Z,7338,Rust,136,0,TRUE,TRUE,FALSE,8,master,FALSE,0,0,0,0,36,0,unlicense,User
190,https://github.com/DeutscheKI/tevr-asr-tool,tevr-asr-tool,DeutscheKI/tevr-asr-tool,State-of-the-art (ranked #1 Aug 2022) German Speech Recognition in 284 lines of C++. This is a 100% private 100% offline 100% free CLI tool.,"['asr', 'c-plus-plus', 'command-line-tool', 'debian', 'debian-package', 'deep-learning', 'german-speech-recognition', 'kenlm', 'language-model', 'machine-learning', 'no-cloud', 'offline', 'pretrained-models', 'private', 'speech', 'speech-recognition', 'speech-to-text', 'tensorflow', 'tensorflow-lite', 'wave']",2022-08-09T09:15:03Z,2024-12-09T02:47:23Z,2022-08-09T21:26:19Z,296,C,412,0,FALSE,TRUE,FALSE,18,master,FALSE,0,0,0,0,33,0,mit,Organization
191,https://github.com/hasura/skor,skor,hasura/skor,Now part of Hasura GraphQL Engine. Listen to postgres events and forward them as JSON payloads to a webhook,FALSE,2018-04-26T06:33:49Z,2025-01-05T17:19:03Z,2022-01-21T17:51:35Z,141,C,1248,51,TRUE,TRUE,FALSE,45,1248,FALSE,6,8,3,7,36,4,apache-2.0,Organization
192,https://github.com/Working-Title-MSFS-Mods/fspackages,fspackages,Working-Title-MSFS-Mods/fspackages,Working Title FS Packages,[],2020-09-02T21:53:54Z,2025-01-26T16:39:54Z,2023-02-06T21:19:28Z,990831,JavaScript,1149,86,TRUE,TRUE,FALSE,109,main,FALSE,291,809,13,446,2803,25,mit,Organization
193,https://github.com/rossimo/retrobot,retrobot,rossimo/retrobot,0,[],2022-08-26T13:42:56Z,2024-12-23T23:08:16Z,2023-04-14T12:07:32Z,11108,C,282,0,TRUE,TRUE,FALSE,16,master,FALSE,0,0,0,0,164,0,mit,User
194,https://github.com/kendryte/kendryte-standalone-sdk,kendryte-standalone-sdk,kendryte/kendryte-standalone-sdk,Standalone SDK for kendryte K210,"['ai', 'k210', 'kendryte']",2018-09-06T16:53:21Z,2025-01-08T21:09:35Z,2021-09-24T02:56:15Z,11131,C,448,0,TRUE,TRUE,FALSE,162,develop,FALSE,0,0,0,0,399,0,apache-2.0,Organization
195,https://github.com/imbushuo/DFRDisplayKm,DFRDisplayKm,imbushuo/DFRDisplayKm,Windows infrastructure support for Apple DFR (Touch Bar),FALSE,2019-07-25T17:38:37Z,2025-01-16T03:28:42Z,2019-09-16T17:02:48Z,86,C,166,0,TRUE,TRUE,FALSE,13,166,FALSE,0,0,0,0,22,0,mit,User
196,https://github.com/positive-security/send-my,send-my,positive-security/send-my,Upload arbitrary data via Apple's Find My network.,"['airtag', 'apple', 'bluetooth', 'data-exfiltration', 'find-my']",2021-05-12T12:54:32Z,2025-01-26T13:23:30Z,2023-11-13T19:02:37Z,12379,C,1815,40,TRUE,TRUE,FALSE,83,main,FALSE,5,5,1,2,6,2,agpl-3.0,Organization
197,https://github.com/respeaker/seeed-voicecard,seeed-voicecard,respeaker/seeed-voicecard,"2 Mic Hat, 4 Mic Array, 6-Mic Circular Array Kit, and 4-Mic Linear Array Kit for Raspberry Pi","['alexa-voice-service', 'alsa', 'google-assistant', 'raspberry-pi', 'respeaker']",2017-05-22T03:33:34Z,2025-01-24T07:35:46Z,2023-04-09T15:35:42Z,1504,C,495,0,TRUE,TRUE,FALSE,298,master,FALSE,0,0,0,0,361,0,gpl-3.0,Organization
198,https://github.com/rsmudge/unhook-bof,unhook-bof,rsmudge/unhook-bof,Remove API hooks from a Beacon process.,[],2021-01-13T02:20:44Z,2025-01-06T01:00:35Z,2021-09-18T18:12:41Z,34,C,265,0,FALSE,TRUE,FALSE,59,master,FALSE,0,0,0,0,6,0,bsd-3-clause,User
199,https://github.com/paradigmxyz/paradigm-ctf-2022,paradigm-ctf-2022,paradigmxyz/paradigm-ctf-2022,Puzzles used in the 2022 Paradigm CTF,"['blockchain', 'crypto', 'ctf', 'ethereum', 'evm', 'security', 'solidity']",2022-09-16T00:21:18Z,2025-01-20T22:16:15Z,2022-09-16T01:34:01Z,37615,Rust,390,0,TRUE,TRUE,FALSE,50,main,FALSE,0,0,0,0,1,0,0,Organization
200,https://github.com/FeralAI/GP2040,GP2040,FeralAI/GP2040,"Gamepad firmware for Raspberry Pi Pico and other RP2040 microcontrollers supporting Nintendo Switch, XInput and DirectInput","['fightstick', 'gamepad', 'pi-pico', 'rp2040']",2021-08-28T19:58:09Z,2025-01-23T02:32:15Z,2023-04-11T18:52:34Z,30549,C,592,24,TRUE,TRUE,FALSE,124,main,FALSE,35,20,4,28,250,3,mit,User
201,https://github.com/adileo/squirreldisk,squirreldisk,adileo/squirreldisk,"Beautiful, Cross-Platform and Super Fast Disk Usage Analysis Tool - Built With Rust ü¶Ä",[],2023-01-29T16:29:58Z,2025-01-27T05:44:45Z,2023-08-04T14:08:44Z,10833,TypeScript,875,8,TRUE,TRUE,FALSE,30,main,FALSE,35,3,1,3,72,3,agpl-3.0,User
202,https://github.com/Ruddle/Fomos,Fomos,Ruddle/Fomos,"Experimental OS, built with rust",[],2023-08-21T18:24:32Z,2025-01-07T10:08:06Z,2023-09-03T17:57:01Z,12151,Rust,961,0,TRUE,TRUE,FALSE,25,main,FALSE,0,0,0,0,20,0,mit,User
203,https://github.com/Eugnis/spectre-attack,spectre-attack,Eugnis/spectre-attack,"Example of using revealed ""Spectre"" exploit (CVE-2017-5753 and CVE-2017-5715)","['c', 'example', 'exploit', 'security-vulnerability', 'spectre']",2018-01-04T00:28:50Z,2025-01-17T09:27:03Z,2018-01-10T01:14:44Z,23,C,759,0,TRUE,TRUE,FALSE,168,master,FALSE,0,0,0,0,29,0,0,User
204,https://github.com/danielkrupinski/VAC-Bypass-Loader,VAC-Bypass-Loader,danielkrupinski/VAC-Bypass-Loader,Loader for VAC Bypass written in C.,"['anti-cheat', 'anticheat', 'anticheat-bypass', 'code-injection', 'csgo', 'gamehacking', 'manual-mapping', 'reverse-engineering', 'steam', 'vac', 'vac-bypass-loader', 'valve', 'valve-anti-cheat', 'windows-api']",2019-09-27T18:41:20Z,2025-01-20T10:21:15Z,2020-06-16T18:06:56Z,70,C,479,0,TRUE,TRUE,FALSE,124,master,FALSE,0,0,0,0,26,0,mit,User
205,https://github.com/zserge/odetoj,odetoj,zserge/odetoj,Rewrite of Arthur Whitney's one-page J interpreter in Rust,[],2020-03-23T08:10:25Z,2024-10-06T17:57:15Z,2020-03-25T10:02:37Z,11,Rust,62,0,TRUE,TRUE,FALSE,10,master,FALSE,0,0,0,0,8,0,mit,User
206,https://github.com/MiCottOn/DejaVue,DejaVue,MiCottOn/DejaVue,Visualization and debugging tool built for Vue.js,"['chrome-devtools', 'javascript', 'visualization', 'vue', 'vuejs']",2017-01-13T21:29:37Z,2025-01-18T13:09:45Z,2017-09-16T18:41:02Z,2797,JavaScript,784,0,TRUE,TRUE,FALSE,41,master,FALSE,0,0,0,0,165,0,mit,Organization
207,https://github.com/IcEy-999/Drv_Hide_And_Camouflage,Drv_Hide_And_Camouflage,IcEy-999/Drv_Hide_And_Camouflage,0,[],2023-04-18T16:45:20Z,2025-01-14T14:26:39Z,2023-05-11T04:39:07Z,881,C,259,0,TRUE,TRUE,FALSE,132,main,FALSE,0,0,0,0,12,0,0,User
208,https://github.com/nihui/realsr-ncnn-vulkan,realsr-ncnn-vulkan,nihui/realsr-ncnn-vulkan,RealSR super resolution implemented with ncnn library,FALSE,2020-05-26T08:53:37Z,2025-01-27T12:34:06Z,2023-03-12T03:03:53Z,63374,C,1119,29,TRUE,TRUE,FALSE,112,1119,FALSE,36,13,4,2,28,2,mit,User
209,https://github.com/pythonmaster41/Go-For-OSCP,Go-For-OSCP,pythonmaster41/Go-For-OSCP,0,FALSE,2017-05-25T07:56:52Z,2025-01-09T09:14:49Z,2017-05-17T08:48:00Z,7948,C,137,0,FALSE,TRUE,FALSE,106,137,FALSE,0,0,0,0,66,0,mit,User
210,https://github.com/alcover/buffet,buffet,alcover/buffet,All-inclusive Buffer for C,"['buffer', 'c', 'refcount', 'slices', 'small-string-optimization', 'string', 'view']",2022-03-07T14:27:51Z,2025-01-24T23:38:01Z,2023-11-16T09:11:48Z,1245,C,412,0,TRUE,TRUE,TRUE,8,main,FALSE,0,0,0,0,135,0,gpl-3.0,User
211,https://github.com/thesephist/stream,stream,thesephist/stream,"A Twitter-like micro-blog for personal project updates and snippets of thought, written in Oak","['blog', 'micro-blog', 'oaklang']",2021-09-21T01:42:23Z,2025-01-04T05:39:16Z,2023-03-21T01:08:07Z,929,CSS,89,0,TRUE,TRUE,FALSE,14,main,FALSE,0,0,0,0,18,0,mit,User
212,https://github.com/stecman/hw-boot-selection,hw-boot-selection,stecman/hw-boot-selection,STM32 firmware for a physical switch to set the GRUB boot selection,[],2021-05-03T20:21:59Z,2025-01-05T16:10:58Z,2022-03-12T22:25:38Z,60,C,363,0,TRUE,TRUE,FALSE,21,master,FALSE,0,0,0,0,29,0,mit,User
213,https://github.com/fabianishere/pam_reattach,pam_reattach,fabianishere/pam_reattach,Reattach to the user's GUI session on macOS during authentication (for Touch ID support in tmux),FALSE,2018-08-14T18:59:12Z,2025-01-26T16:47:48Z,2023-02-16T04:05:40Z,39,C,708,0,TRUE,TRUE,FALSE,21,708,FALSE,0,0,0,0,23,0,mit,User
214,https://github.com/captainys/FLYBY2,FLYBY2,captainys/FLYBY2,Old Screensaver Recovered from my Backups,[],2022-02-01T01:30:00Z,2025-01-23T00:44:53Z,2022-02-04T23:07:38Z,2367,C,175,0,TRUE,TRUE,FALSE,14,master,FALSE,0,0,0,0,15,0,bsd-3-clause,User
215,https://github.com/m0nad/Diamorphine,Diamorphine,m0nad/Diamorphine,LKM rootkit for Linux Kernels 2.6.x/3.x/4.x/5.x/6.x (x86/x86_64 and ARM64),FALSE,2013-11-06T22:38:47Z,2025-01-25T21:50:41Z,2023-09-20T10:56:06Z,29,C,1910,55,TRUE,TRUE,FALSE,439,1910,FALSE,9,26,1,8,50,3,other,User
216,https://github.com/degatchi/mev-template-rs,mev-template-rs,degatchi/mev-template-rs,Bootstrap your MEV bot strategies with a simple boilerplate to build on top of.,"['boilerplate', 'evm', 'mev', 'template']",2022-08-31T08:18:16Z,2025-01-27T02:19:09Z,2022-12-19T12:21:10Z,23,Rust,699,0,TRUE,TRUE,FALSE,128,main,FALSE,0,0,0,0,11,0,mit,User
217,https://github.com/akkartik/teliva,teliva,akkartik/teliva,Fork of Lua 5.1 to encourage end-user programming,"['lua', 'programming-literacy']",2021-11-06T06:29:57Z,2025-01-13T19:56:34Z,2023-11-27T02:06:31Z,1790,C,167,0,TRUE,TRUE,FALSE,2,main,FALSE,0,0,0,0,791,0,other,User
218,https://github.com/smeso/MTPwn,MTPwn,smeso/MTPwn,PoC exploit for arbitrary file read/write in locked Samsung Android device via MTP (SVE-2017-10086),"['android', 'exploit', 'mtp', 'poc', 'recovery', 'samsung', 'usb']",2018-01-02T19:27:19Z,2025-01-04T05:27:52Z,2018-01-02T19:28:01Z,18,C,163,0,TRUE,TRUE,FALSE,47,master,FALSE,0,0,0,0,1,0,gpl-3.0,User
219,https://github.com/SmallpTsai/hexapod-v2-7697,hexapod-v2-7697,SmallpTsai/hexapod-v2-7697,Hexapod v2 using Linkit 7697,[],2018-09-19T14:33:41Z,2025-01-24T16:49:50Z,2019-06-15T06:14:55Z,8624,C,801,0,TRUE,TRUE,FALSE,254,master,FALSE,0,0,0,0,27,0,gpl-3.0,User
220,https://github.com/systemd/casync,casync,systemd/casync,Content-Addressable Data Synchronization Tool,"['archive', 'chunking', 'delivery', 'download', 'file-system', 'http', 'synchronization', 'tar', 'upload']",2017-01-13T15:09:56Z,2025-01-22T13:57:22Z,2023-12-21T15:57:27Z,2599,C,1508,82,TRUE,TRUE,FALSE,117,main,FALSE,55,53,12,149,684,44,0,Organization
221,https://github.com/moonglow/pcan_pro_x,pcan_pro_x,moonglow/pcan_pro_x,:alien: XCAN PRO/PRO FD/FD USB2CAN firmware implementation for cheap STM32F4 hardware,"['busmaster', 'canutils', 'pcan', 'pcanview', 'socketcan', 'stm32f4', 'usb2can']",2020-09-04T13:51:00Z,2025-01-25T18:00:48Z,2022-03-11T08:58:54Z,16206,C,253,0,TRUE,TRUE,FALSE,156,master,FALSE,0,0,0,0,3,0,wtfpl,User
222,https://github.com/ismdeep/sort-algos-c,sort-algos-c,ismdeep/sort-algos-c,Sort Algorithm General Implementations in C Language,FALSE,2020-01-26T02:01:25Z,2024-01-04T16:41:37Z,2020-08-10T01:19:28Z,38,C,168,0,TRUE,TRUE,FALSE,16,168,FALSE,0,0,0,0,15,0,mit,User
224,https://github.com/AlexeyAB/yolo2_light,yolo2_light,AlexeyAB/yolo2_light,"Light version of convolutional neural network Yolo v3 & v2 for objects detection with a minimum of dependencies (INT8-inference, BIT1-XNOR-inference)","['bit1-xnor-inference', 'computer-vision', 'machine-learning', 'neural-network', 'object-detection']",2017-07-18T17:37:43Z,2024-12-12T03:06:39Z,2019-08-29T10:00:48Z,2122,C,304,25,TRUE,TRUE,FALSE,117,master,FALSE,63,20,1,5,68,5,mit,User
225,https://github.com/robertdavidgraham/telnetlogger,telnetlogger,robertdavidgraham/telnetlogger,Simulates enough of a Telnet connection in order to log failed login attempts.,FALSE,2016-10-29T21:22:02Z,2024-11-03T12:09:25Z,2017-03-05T04:55:15Z,39,C,238,21,TRUE,TRUE,FALSE,62,238,FALSE,5,1,1,2,18,2,0,User
226,https://github.com/aaaddress1/PR0CESS,PR0CESS,aaaddress1/PR0CESS,some gadgets about windows process and ready to use :),[],2021-09-06T09:28:40Z,2025-01-22T03:00:01Z,2023-10-07T17:53:33Z,11393,C,582,0,TRUE,TRUE,FALSE,99,main,FALSE,0,0,0,0,31,0,apache-2.0,User
227,https://github.com/hyln9/VIKIROOT,VIKIROOT,hyln9/VIKIROOT,CVE-2016-5195 (Dirty COW) PoC for Android 6.0.1 Marshmallow,FALSE,2017-01-20T05:28:04Z,2025-01-21T08:28:28Z,2017-01-27T10:04:07Z,47,C,265,0,TRUE,TRUE,FALSE,96,265,FALSE,0,0,0,0,20,0,gpl-3.0,User
228,https://github.com/Theldus/bread,bread,Theldus/bread,üçû BREAD: BIOS Reverse Engineering & Advanced Debugger,"['bios', 'debugger', 'debugging', 'firmware', 'gdb', 'reverse-engineering', 'x86']",2023-01-21T00:00:45Z,2025-01-26T23:39:57Z,2023-11-16T06:26:30Z,249,C,291,0,TRUE,TRUE,TRUE,18,master,FALSE,0,0,0,0,38,0,mit,User
229,https://github.com/Wren6991/RISCBoy,RISCBoy,Wren6991/RISCBoy,"Portable games console, designed from scratch: CPU, graphics, PCB, and the kitchen sink",FALSE,2018-03-16T22:31:53Z,2025-01-09T03:08:27Z,2023-07-04T20:15:11Z,51362,C,266,0,TRUE,TRUE,FALSE,14,266,FALSE,0,0,0,0,734,0,0,User
230,https://github.com/matrix-org/thirdroom,thirdroom,matrix-org/thirdroom,"Open, decentralised, immersive worlds built on Matrix","['3d', 'ecs', 'game-development', 'javascript', 'matrix', 'metaverse', 'threejs', 'typescript', 'webassembly']",2021-09-21T07:47:10Z,2025-01-20T02:58:30Z,2023-08-30T04:47:24Z,195587,C,615,22,TRUE,TRUE,TRUE,67,main,FALSE,82,174,11,374,2923,8,apache-2.0,Organization
231,https://github.com/stateafl/stateafl,stateafl,stateafl/stateafl,StateAFL: A Greybox Fuzzer for Stateful Network Servers,['fuzzing'],2021-10-12T16:26:05Z,2025-01-06T02:02:14Z,2023-05-03T16:12:28Z,20335,C,160,3,TRUE,TRUE,FALSE,36,main,FALSE,9,6,1,1,44,0,apache-2.0,Organization
232,https://github.com/tokers/lua-resty-http2,lua-resty-http2,tokers/lua-resty-http2,The HTTP/2 Protocol (Client Side) Implementation for OpenResty.,"['http2', 'lua-resty', 'openresty']",2018-08-24T03:12:54Z,2024-12-05T17:01:17Z,2020-02-04T13:30:38Z,171,Lua,78,7,TRUE,TRUE,FALSE,12,master,FALSE,2,1,1,3,131,3,bsd-2-clause,User
233,https://github.com/nonamecoder/FlipperZeroHondaFirmware,FlipperZeroHondaFirmware,nonamecoder/FlipperZeroHondaFirmware,"Custom Firmware for the Flipper Zero, to add support for Honda key fobs (FCC ID: KR5V2X)",[],2022-08-08T18:00:33Z,2025-01-26T16:38:28Z,2023-12-25T02:11:17Z,20413,C,616,17,TRUE,TRUE,FALSE,47,main,FALSE,8,3,2,1,13,0,mit,User
234,https://github.com/emeb/iceRadio,iceRadio,emeb/iceRadio,C and Verilog sources for STM32F303 + iCE5LP4K Software Defined Radio,FALSE,2016-08-10T01:20:30Z,2024-11-29T17:40:57Z,2017-03-22T20:53:35Z,1233,C,80,0,TRUE,TRUE,FALSE,21,80,FALSE,0,0,0,0,7,0,mit,User
235,https://github.com/Wanderson-Magalhaes/PyOneDark_Qt_Widgets_Modern_GUI,PyOneDark_Qt_Widgets_Modern_GUI,Wanderson-Magalhaes/PyOneDark_Qt_Widgets_Modern_GUI,0,FALSE,2021-04-30T20:44:04Z,2025-01-26T09:04:42Z,2021-12-18T07:44:31Z,322,Python,971,23,TRUE,TRUE,FALSE,290,971,FALSE,18,3,1,1,33,0,mit,User
236,https://github.com/SuperTails/langcraft,langcraft,SuperTails/langcraft,Compiler from LLVM IR to Minecraft datapacks.,"['compiler', 'llvm', 'minecraft']",2020-06-27T03:37:44Z,2025-01-08T13:22:26Z,2022-06-03T14:44:46Z,549,Rust,555,0,TRUE,TRUE,FALSE,8,master,FALSE,0,0,0,0,83,0,apache-2.0,User
237,https://github.com/jwcpp/jwEngine,jwEngine,jwcpp/jwEngine,A cross-platform C++<->lua server quick solution,"['cpp17', 'game-server', 'gameserver', 'http', 'kcp', 'libuv', 'lua', 'lua-protobuf', 'mysql', 'redis', 'serialization', 'server', 'server-engine', 'sol2', 'tcp', 'websocket']",2019-11-20T06:21:55Z,2025-01-07T01:43:13Z,2023-04-13T07:30:04Z,7982,C,354,0,TRUE,TRUE,FALSE,84,master,FALSE,0,0,0,0,133,0,0,User
238,https://github.com/bdring/6-Pack_CNC_Controller,6-Pack_CNC_Controller,bdring/6-Pack_CNC_Controller,0,FALSE,2020-05-29T15:07:16Z,2025-01-25T09:24:43Z,2023-06-09T18:24:35Z,35886,C,299,0,TRUE,TRUE,FALSE,73,299,FALSE,0,0,0,0,128,0,mit,User
239,https://github.com/karimnaaji/voxelizer,voxelizer,karimnaaji/voxelizer,Header only mesh voxelizer in c99,"['c99', 'computer-graphics', 'geometry-processing', 'voxelizer']",2016-01-05T16:18:22Z,2025-01-13T00:08:46Z,2022-01-03T20:52:52Z,2378,C,630,0,TRUE,TRUE,FALSE,63,master,FALSE,0,0,0,0,25,0,0,User
240,https://github.com/EQMOD/EQM_OBDWEB,EQM_OBDWEB,EQMOD/EQM_OBDWEB,A WEB Based OBDII Dongle Platform using the ESP32 WROVER Module,"['canbus', 'canbus-communications', 'car', 'esp32', 'esp32-webserver', 'obd2', 'obdii', 'racing', 'web-obd', 'webobd']",2023-10-15T05:49:55Z,2025-01-25T12:43:44Z,2023-12-16T02:50:17Z,90432,C,320,0,TRUE,TRUE,FALSE,22,main,FALSE,0,0,0,0,31,0,gpl-3.0,User
241,https://github.com/Coalfire-Research/iOS-11.1.2-15B202-Jailbreak,iOS-11.1.2-15B202-Jailbreak,Coalfire-Research/iOS-11.1.2-15B202-Jailbreak,iOS 11.1.2 (15B202) Jailbreak,"['ios11', 'jailbreak']",2018-01-24T16:01:29Z,2025-01-08T07:56:38Z,2021-04-06T23:12:01Z,64855,C,434,0,TRUE,TRUE,FALSE,98,main,FALSE,0,0,0,0,34,0,0,Organization
243,https://github.com/frewsxcv/rust-notifica,rust-notifica,frewsxcv/rust-notifica,"Small, cross-platform Rust crate for sending system notifications",FALSE,2019-04-08T01:46:47Z,2025-01-10T12:28:32Z,2023-04-18T13:23:38Z,35,Rust,284,0,TRUE,TRUE,FALSE,8,284,FALSE,0,0,0,0,53,0,apache-2.0,User
244,https://github.com/opuntiaOS-Project/opuntiaOS,opuntiaOS,opuntiaOS-Project/opuntiaOS,"opuntiaOS - an operating system targeting x86, ARM and RISC-V.","['hobby-kernel', 'hobby-os', 'kernel', 'operating-system', 'opuntiaos', 'os', 'osdev', 'userland']",2019-07-04T07:44:18Z,2025-01-04T15:16:14Z,2023-04-06T10:38:29Z,32114,C,661,21,TRUE,TRUE,TRUE,32,master,FALSE,14,28,1,28,1280,6,bsd-2-clause,Organization
245,https://github.com/thefLink/RecycledGate,RecycledGate,thefLink/RecycledGate,Hellsgate + Halosgate/Tartarosgate. Ensures that all systemcalls go through ntdll.dll,[],2022-02-01T20:01:22Z,2025-01-24T01:56:30Z,2022-02-03T12:23:29Z,37,C,455,0,TRUE,TRUE,FALSE,54,main,FALSE,0,0,0,0,16,0,0,User
246,https://github.com/SaadAhla/PE-Obfuscator,PE-Obfuscator,SaadAhla/PE-Obfuscator,PE obfuscator with Evasion in mind,[],2023-04-25T04:00:15Z,2025-01-20T23:18:06Z,2023-04-25T04:58:12Z,64,C,213,0,TRUE,TRUE,FALSE,38,main,FALSE,0,0,0,0,7,0,0,User
247,https://github.com/cuckydev/PSXFunkin,PSXFunkin,cuckydev/PSXFunkin,Friday Night Funkin' on the original PlayStation,[],2021-05-17T03:08:46Z,2025-01-08T08:29:12Z,2021-12-17T21:05:33Z,900283,C,208,0,TRUE,TRUE,FALSE,58,master,FALSE,0,0,0,0,320,0,mpl-2.0,User
248,https://github.com/openwall/yescrypt,yescrypt,openwall/yescrypt,Password-based key derivation function and password hashing scheme building upon scrypt,"['hash', 'hashing', 'kdf', 'password', 'pbkdf', 'scrypt', 'security']",2021-01-09T18:56:49Z,2025-01-14T07:44:50Z,2023-09-24T14:00:54Z,395,C,146,0,TRUE,TRUE,FALSE,9,main,FALSE,0,0,0,0,57,0,0,Organization
249,https://github.com/iqiyi/xCrash,xCrash,iqiyi/xCrash,"üî• xCrash provides the Android app with the ability to capture java crash, native crash and ANR. No root permission or any system permissions are required.","['android', 'anr', 'crash', 'crash-reporting', 'exception', 'handler', 'java', 'jni', 'native', 'reporter', 'reporting']",2019-04-04T03:07:08Z,2025-01-27T07:34:34Z,2022-08-28T08:09:32Z,2920,C,3754,92,TRUE,TRUE,TRUE,621,master,FALSE,55,73,2,7,140,5,other,Organization
250,https://github.com/valorem-labs-inc/quay,quay,valorem-labs-inc/quay,"An open source, high performance limit order book for the Seaport smart contracts. Implemented in Rust using ethers-rs, this offers a turnkey option for digital asset marketplaces.","['ethereum', 'nft', 'rust', 'seaport']",2022-06-15T16:47:03Z,2025-01-13T08:29:13Z,2023-06-22T00:50:46Z,901,Rust,190,3,TRUE,TRUE,FALSE,19,master,FALSE,13,18,4,57,55,4,mit,Organization
251,https://github.com/rockchip-linux/rknpu2,rknpu2,rockchip-linux/rknpu2,0,[],2021-06-02T01:18:22Z,2025-01-27T12:03:39Z,2023-12-13T10:25:34Z,395862,C,683,22,TRUE,TRUE,FALSE,140,master,FALSE,83,48,3,2,18,0,bsd-3-clause,Organization
252,https://github.com/lrh2000/StackRot,StackRot,lrh2000/StackRot,CVE-2023-3269: Linux kernel privilege escalation vulnerability,[],2023-06-28T13:22:26Z,2025-01-27T04:56:42Z,2023-07-28T13:20:45Z,11831,C,470,0,TRUE,TRUE,FALSE,39,master,FALSE,0,0,0,0,13,0,0,User
253,https://github.com/foone/BRender-v1.3.2,BRender-v1.3.2,foone/BRender-v1.3.2,Argonaut Blazing Render (BRender) 3D engine,[],2022-05-03T20:06:34Z,2025-01-16T18:47:55Z,2022-05-05T22:33:52Z,6694,C,550,0,TRUE,TRUE,FALSE,40,main,FALSE,0,0,0,0,12,0,mit,User
255,https://github.com/YIO-Remote/remote-software,remote-software,YIO-Remote/remote-software,üíé YIO Remote Software repository,"['core', 'qt', 'yio']",2019-02-20T06:39:07Z,2025-01-09T19:58:12Z,2022-01-28T11:01:19Z,21578,C,167,0,TRUE,TRUE,FALSE,22,master,FALSE,0,0,0,0,2541,0,gpl-3.0,Organization
257,https://github.com/Zer0Mem0ry/Detour,Detour,Zer0Mem0ry/Detour,A simple project to demonstrate function hooking / detouring,FALSE,2017-04-02T15:21:45Z,2024-10-28T14:08:56Z,2017-04-02T15:23:09Z,1102,C,126,0,TRUE,TRUE,FALSE,53,126,FALSE,0,0,0,0,3,0,0,User
258,https://github.com/AncientJames/uGrey,uGrey,AncientJames/uGrey,Micropython native module to display greyscale on a monochrome oled.,[],2022-10-31T03:47:33Z,2025-01-17T12:24:51Z,2022-10-31T03:47:57Z,14,C,158,0,TRUE,TRUE,FALSE,13,main,FALSE,0,0,0,0,1,0,0,User
259,https://github.com/Maldev-Academy/EntropyReducer,EntropyReducer,Maldev-Academy/EntropyReducer,Reduce Entropy And Obfuscate Youre Payload With Serialized Linked Lists,[],2023-03-04T06:04:14Z,2025-01-21T12:09:10Z,2023-06-01T13:33:28Z,47,C,408,0,TRUE,TRUE,FALSE,58,main,FALSE,0,0,0,0,13,0,apache-2.0,Organization
260,https://github.com/apple/darwin-libplatform,darwin-libplatform,apple/darwin-libplatform,Legacy mirror of  Darwin Platform Library. Replaced by https://github.com/apple-oss-distributions/libplatform,[],2017-06-02T21:34:55Z,2024-06-20T09:21:55Z,2021-02-02T04:14:08Z,268,C,129,0,FALSE,TRUE,FALSE,45,main,FALSE,0,0,0,0,14,0,apache-2.0,Organization
261,https://github.com/sysprog21/pitifulvm,pitifulvm,sysprog21/pitifulvm,A shabby implementation of Java virtual machine in C,"['java', 'java-virtual-machine', 'jvm']",2020-08-17T10:11:05Z,2025-01-10T08:21:11Z,2022-09-06T13:14:29Z,122,C,140,0,TRUE,TRUE,FALSE,21,master,FALSE,0,0,0,0,47,0,bsd-2-clause,Organization
262,https://github.com/cmacrae/spacebar,spacebar,cmacrae/spacebar,A minimal status bar for macOS. Ideal for use with tiling window managers like yabai,FALSE,2020-03-29T10:23:10Z,2025-01-26T16:42:26Z,2023-02-16T20:33:45Z,133,C,1289,12,TRUE,TRUE,TRUE,49,1289,FALSE,35,61,2,18,95,5,mit,User
263,https://github.com/cyd01/KiTTY,KiTTY,cyd01/KiTTY,":computer: KiTTY, a free telnet/ssh client for Windows",FALSE,2018-10-24T17:26:24Z,2025-01-27T11:57:46Z,2023-09-17T17:21:58Z,10240,C,1638,49,TRUE,TRUE,FALSE,140,1638,FALSE,171,333,1,32,315,10,other,User
264,https://github.com/jserv/nstack,nstack,jserv/nstack,Userspace TCP/IP stack for Linux,FALSE,2018-05-09T05:45:12Z,2025-01-26T01:53:44Z,2023-08-05T00:31:27Z,105,C,329,0,TRUE,TRUE,FALSE,66,329,FALSE,0,0,0,0,61,0,bsd-clause,User
265,https://github.com/gabrielrcouto/awesome-php-ffi,awesome-php-ffi,gabrielrcouto/awesome-php-ffi,PHP FFI examples and use cases,"['awesome', 'ffi', 'php74']",2019-10-01T02:45:17Z,2024-12-20T03:49:33Z,2022-01-16T17:35:37Z,31,C,304,0,TRUE,TRUE,FALSE,23,master,FALSE,0,0,0,0,6,0,0,User
266,https://github.com/CCob/SylantStrike,SylantStrike,CCob/SylantStrike,Simple EDR implementation to demonstrate bypass,FALSE,2020-05-27T18:49:15Z,2024-12-27T06:35:37Z,2020-05-27T18:51:28Z,49,C,163,0,TRUE,TRUE,FALSE,39,163,FALSE,0,0,0,0,2,0,0,User
267,https://github.com/rsms/llvmbox,llvmbox,rsms/llvmbox,"Self contained, fully static llvm tools & libs","['clang', 'llvm']",2023-01-14T01:49:31Z,2025-01-19T12:09:12Z,2023-03-01T00:20:05Z,105593,C,348,0,TRUE,TRUE,FALSE,3,main,FALSE,0,0,0,0,195,0,apache-2.0,User
268,https://github.com/withoutboats/bpb,bpb,withoutboats/bpb,boats's personal barricade,[],2018-07-20T13:20:48Z,2024-11-27T07:27:51Z,2018-08-23T13:30:22Z,17,Rust,99,5,TRUE,TRUE,FALSE,17,master,FALSE,3,5,1,4,10,0,0,User
269,https://github.com/hfiref0x/WubbabooMark,WubbabooMark,hfiref0x/WubbabooMark,Debugger Anti-Detection Benchmark,[],2023-07-15T07:55:07Z,2025-01-19T06:23:58Z,2023-12-03T03:15:17Z,718,C,303,0,TRUE,TRUE,FALSE,42,master,FALSE,0,0,0,0,10,0,mit,User
271,https://github.com/hoobs-org/HOOBS,HOOBS,hoobs-org/HOOBS,"Build your Smart Home with HOOBS. Connect over 2,000 Accessories to your favorite Ecosystem.","['accessories', 'accessory', 'alexa', 'box', 'control-homebridge', 'google', 'google-home', 'hardware', 'home-automation', 'homebridge', 'homebridge-log', 'homebridge-service', 'homekit', 'hoobs', 'iot', 'sd-card', 'smart-home', 'smarthome', 'socket', 'support-hoobs']",2019-08-03T13:45:42Z,2025-01-24T09:36:48Z,2022-03-02T23:48:20Z,402418,Shell,552,0,TRUE,TRUE,FALSE,51,main,FALSE,0,0,0,0,415,0,gpl-3.0,Organization
272,https://github.com/til-lang/til-exec,til-exec,til-lang/til-exec,Run system programs using Til,[],2021-05-14T20:39:15Z,2022-03-01T00:41:17Z,2022-06-09T00:44:47Z,7,D,4,0,TRUE,TRUE,FALSE,1,master,FALSE,0,0,0,0,7,0,0,Organization
273,https://github.com/valandro/gitlab-ci,gitlab-ci,valandro/gitlab-ci,A zero to production tutorial using Gitlab for CI/CD management. :rocket:,"['continous-integration', 'continuous-deployment', 'gitlab', 'gitlab-ci', 'gitlab-docker', 'gitlab-runner']",2019-01-08T23:18:19Z,2024-10-22T18:32:36Z,2019-03-21T13:39:49Z,626,Dockerfile,29,0,TRUE,TRUE,FALSE,8,master,FALSE,0,0,0,0,21,0,apache-2.0,User
274,https://github.com/AsahiLinux/gpu,gpu,AsahiLinux/gpu,Dissecting the M1's GPU for 3D acceleration,[],2021-01-07T15:49:15Z,2025-01-25T06:34:46Z,2022-04-04T14:09:45Z,308,C,996,0,FALSE,TRUE,FALSE,42,main,FALSE,0,0,0,0,142,0,0,Organization
275,https://github.com/CTA-Ripple/Ripple-V1.0,Ripple-V1.0,CTA-Ripple/Ripple-V1.0,open radar API standard to enable hardware / software interoperability and accelerate the growth of applications of general purpose consumer radar. For more information visit cta.tech/Ripple.,[],2021-12-07T16:52:36Z,2024-09-26T01:28:42Z,2022-01-31T22:19:17Z,19,C,157,0,TRUE,TRUE,FALSE,14,main,FALSE,0,0,0,0,11,0,apache-2.0,User
276,https://github.com/thanks4opensource/buck50,buck50,thanks4opensource/buck50,STM32F103 logic analyzer and more,"['arm-assembly', 'i2c', 'logging', 'logic-analyzer', 'spi', 'stm32f103', 'usart']",2020-11-05T16:02:34Z,2025-01-21T09:02:40Z,2021-02-13T05:52:55Z,11148,C,573,0,TRUE,TRUE,FALSE,61,master,FALSE,0,0,0,0,11,0,gpl-3.0,User
277,https://github.com/synackuk/n1ghtshade,n1ghtshade,synackuk/n1ghtshade,A bootchain jailbreak/downgrade utility for 32 bit iOS devices.,[],2019-08-06T12:30:26Z,2025-01-23T06:58:47Z,2022-08-30T02:16:16Z,17754,C,364,26,TRUE,TRUE,FALSE,46,master,FALSE,70,89,1,2,53,0,gpl-3.0,User
278,https://github.com/krisnova/boopkit,boopkit,krisnova/boopkit,"Linux eBPF backdoor over TCP. Spawn reverse shells, RCE, on prior privileged access. Less Honkin, More Tonkin.","['ebpf', 'linux-kernel-hacking', 'security', 'tcp']",2022-03-30T12:33:29Z,2025-01-27T06:59:11Z,2023-10-19T07:43:18Z,909,C,1581,0,TRUE,TRUE,FALSE,175,main,FALSE,0,0,0,0,248,0,apache-2.0,User
279,https://github.com/acoto87/war1,war1,acoto87/war1,A remake of Warcraft: Orcs & Humans written in C,"['c', 'game', 'game-engine', 'nanovg', 'rts', 'rts-game', 'warcraft']",2018-09-03T23:02:18Z,2025-01-12T18:27:29Z,2020-09-21T05:54:54Z,13054,C,138,0,TRUE,TRUE,FALSE,5,master,FALSE,0,0,0,0,270,0,zlib,User
280,https://github.com/matanui159/ReplaySorcery,ReplaySorcery,matanui159/ReplaySorcery,"An open-source, instant-replay solution for Linux",FALSE,2020-07-04T05:22:40Z,2025-01-13T09:49:36Z,2023-01-09T12:01:03Z,1096,C,854,12,TRUE,TRUE,FALSE,27,854,FALSE,31,83,2,60,282,7,gpl-3.0,User
281,https://github.com/aystshen/AndroidStressTest,AndroidStressTest,aystshen/AndroidStressTest,"This is an Android system stress test app that supports cpu, memory, video, wifi, bluetooth, airplane mode, reboot, sleep, factory reset and other tests.",FALSE,2018-08-08T02:13:58Z,2025-01-14T16:59:02Z,2022-01-14T02:52:36Z,19597,C,166,0,TRUE,TRUE,FALSE,73,166,FALSE,0,0,0,0,111,0,gpl-3.0,User
282,https://github.com/psyq321/PowerMonkey,PowerMonkey,psyq321/PowerMonkey,UEFI Application for CPU Voltage/Frquency and Power Management adjustment. Great for undervolting.,[],2021-08-31T06:53:38Z,2025-01-27T06:06:31Z,2022-07-29T22:07:53Z,3108,C,223,0,TRUE,TRUE,FALSE,25,main,FALSE,0,0,0,0,41,0,apache-2.0,User
283,https://github.com/ASDAlexander77/TypeScript2Cxx,TypeScript2Cxx,ASDAlexander77/TypeScript2Cxx,TypeScript to C++,FALSE,2020-03-29T12:57:08Z,2024-12-25T06:36:09Z,2023-04-03T15:15:44Z,9124,C,695,19,TRUE,TRUE,FALSE,39,695,FALSE,4,8,3,3,978,3,0,User
284,https://github.com/ionescu007/minlzma,minlzma,ionescu007/minlzma,"The Minimal LZMA (minlzma) project aims to provide a minimalistic, cross-platform, highly commented, standards-compliant C library (minlzlib) for decompressing LZMA2-encapsulated compressed data in LZMA format within an XZ container, as can be generated with Python 3.6, 7-zip, and xzutils","['arithmetic-coding', 'compression', 'compression-algorithm', 'compression-library', 'decompression', 'decompression-algorithm', 'decompression-implementations', 'decompression-library', 'lempel-ziv', 'lzma', 'lzma-sdk', 'lzma2', 'lzmasdkoc', 'markov-chain', 'range-coder']",2020-04-15T19:50:04Z,2025-01-01T17:23:54Z,2022-01-13T22:17:52Z,263,C,350,0,TRUE,TRUE,FALSE,32,master,FALSE,0,0,0,0,55,0,mit,User
285,https://github.com/0intro/9hist,9hist,0intro/9hist,History of the Plan 9 kernel (1990 - 2003).,FALSE,2018-12-29T22:27:29Z,2025-01-07T15:08:20Z,2022-04-04T08:54:12Z,4992,C,126,0,TRUE,TRUE,FALSE,11,126,FALSE,0,0,0,0,2656,0,mit,User
286,https://github.com/klange/bim,bim,klange/bim,"Extensible, lightweight terminal text editor with syntax highlighting and plugin support.",FALSE,2018-08-29T02:34:21Z,2025-01-24T06:35:51Z,2023-12-28T05:49:30Z,2279,C,283,0,TRUE,TRUE,FALSE,17,283,FALSE,0,0,0,0,1082,0,isc,User
288,https://github.com/chompie1337/s8_2019_2215_poc,s8_2019_2215_poc,chompie1337/s8_2019_2215_poc,PoC 2019-2215 exploit for S8/S8 active with DAC + SELinux + Knox/RKP bypass,FALSE,2020-04-27T20:15:32Z,2024-11-21T06:56:53Z,2020-06-19T17:37:41Z,583,C,222,0,TRUE,TRUE,FALSE,50,222,FALSE,0,0,0,0,4,0,0,User
289,https://github.com/petewarden/spchcat,spchcat,petewarden/spchcat,"Speech recognition tool to convert audio to text transcripts, for Linux and Raspberry Pi.","['linux', 'raspberry-pi', 'speech-recognition']",2021-12-30T00:32:55Z,2025-01-21T21:51:30Z,2022-07-01T05:11:51Z,910,C,450,0,TRUE,TRUE,FALSE,31,main,FALSE,0,0,0,0,60,0,mpl-2.0,User
290,https://github.com/ImVexed/muon,muon,ImVexed/muon,GPU based Electron on a diet,"['cross-platform', 'desktop', 'electron', 'hacktoberfest']",2019-09-26T20:26:52Z,2025-01-26T00:30:04Z,2023-03-15T06:02:13Z,143324,C,2896,45,TRUE,TRUE,FALSE,65,master,FALSE,22,19,4,15,79,4,mit,User
291,https://github.com/dr-mod/little-sun-gazer,little-sun-gazer,dr-mod/little-sun-gazer,A Raspberry Pi Based Sun Tracker,"['astronomy', 'pico', 'raspberry-pi', 'sun', 'sunrise-sunset']",2022-04-03T14:40:45Z,2025-01-19T21:12:27Z,2022-12-21T17:20:27Z,241,C,378,26,TRUE,TRUE,FALSE,23,main,FALSE,1,1,1,1,6,0,gpl-3.0,User
292,https://github.com/Cracked5pider/KaynLdr,KaynLdr,Cracked5pider/KaynLdr,KaynLdr is a Reflective Loader written in C/ASM,[],2021-12-26T14:32:11Z,2024-12-27T09:25:46Z,2023-12-03T18:26:04Z,228,C,527,0,TRUE,TRUE,FALSE,106,main,FALSE,0,0,0,0,8,0,0,User
293,https://github.com/arut/nginx-ts-module,nginx-ts-module,arut/nginx-ts-module,NGINX MPEG-TS Live Module,FALSE,2017-05-05T16:56:30Z,2025-01-07T09:42:10Z,2017-12-04T12:44:27Z,143,C,424,0,TRUE,TRUE,FALSE,91,424,FALSE,0,0,0,0,53,0,bsd-2-clause,User
294,https://github.com/paulkernfeld/global-data-in-rust,global-data-in-rust,paulkernfeld/global-data-in-rust,"This guide explains how you can use ""global data"" in Rust",[],2020-05-03T14:10:13Z,2024-11-22T06:42:05Z,2020-05-18T14:37:59Z,49,Rust,199,0,TRUE,TRUE,FALSE,11,master,FALSE,0,0,0,0,21,0,0,User
295,https://github.com/GaudiLabs/OpenThereminV4,OpenThereminV4,GaudiLabs/OpenThereminV4,Open Source Theremin Instrument,[],2021-03-23T14:44:08Z,2025-01-21T21:23:44Z,2023-10-18T09:18:24Z,6461,C,151,12,TRUE,TRUE,FALSE,19,main,FALSE,6,6,1,2,13,3,gpl-3.0,User
296,https://github.com/m-schmoock/lcpp,lcpp,m-schmoock/lcpp,A Lua C PreProcessor,FALSE,2013-05-23T12:19:48Z,2024-12-10T10:36:52Z,2017-02-04T23:42:00Z,163,C,130,10,TRUE,TRUE,FALSE,21,130,FALSE,10,10,3,5,76,5,0,User
297,https://github.com/Atome-FE/llama-node,llama-node,Atome-FE/llama-node,"Believe in AI democratization. llama for nodejs backed by llama-rs, llama.cpp and rwkv.cpp, work locally on your laptop CPU. support llama/alpaca/gpt4all/vicuna/rwkv model.","['ai', 'embeddings', 'gpt', 'langchain', 'large-language-models', 'llama', 'llama-node', 'llama-rs', 'llamacpp', 'llm', 'napi', 'napi-rs', 'nodejs', 'rwkv']",2023-03-20T10:47:19Z,2025-01-25T21:26:34Z,2023-08-03T02:46:18Z,31857,Rust,870,15,TRUE,TRUE,TRUE,64,main,FALSE,45,25,2,40,219,6,apache-2.0,Organization
300,https://github.com/hc0d3r/sudohulk,sudohulk,hc0d3r/sudohulk,try privilege escalation changing sudo command,"['bash', 'change', 'execve', 'hacking-tool', 'hook', 'intercept', 'linux', 'ptrace', 'sudo', 'zsh']",2018-01-28T00:13:35Z,2024-08-12T19:35:50Z,2018-03-09T12:19:47Z,10,C,118,0,TRUE,TRUE,FALSE,24,master,FALSE,0,0,0,0,14,0,0,User